datetime,pct
2016-01-01,0.6877917681469323
2016-01-02,0.7394381043201196
2016-01-03,0.7405015914056796
2016-01-04,0.7309120962175111
2016-01-05,0.7216871659948093
2016-01-06,0.7175970688765048
2016-01-07,0.7595948150685927
2016-01-08,0.7600807769608271
2016-01-09,0.7650994208688424
2016-01-10,0.7118103384906468
2016-01-11,0.7417935977790762
2016-01-12,0.7357240480411237
2016-01-13,0.7202659471437121
2016-01-14,0.6992315528789628
2016-01-15,0.7906006242177951
2016-01-16,0.7911137382326526
2016-01-17,0.7744683399247269
2016-01-18,0.7415283658975018
2016-01-19,0.6819619610671991
2016-01-20,0.6819288744617206
2016-01-21,0.7319928936385447
2016-01-22,0.6981317222041843
2016-01-23,0.7298459857856135
2016-01-24,0.7183287443383604
2016-01-25,0.6600706608891567
2016-01-26,0.6676462613791136
2016-01-27,0.7432727718565791
2016-01-28,0.7598277085304326
2016-01-29,0.737489355905441
2016-01-30,0.7539257735983592
2016-01-31,0.7646365842042915
2016-02-01,0.7142534818287589
2016-02-02,0.7009088592023736
2016-02-03,0.6717724208422217
2016-02-05,0.6648332253422768
2016-02-06,0.7077270037578155
2016-02-07,0.7173488566415902
2016-02-08,0.7348272338167638
2016-02-09,0.7180344071335929
2016-02-10,0.6387864301951838
2016-02-11,0.6603822385281892
2016-02-12,0.7027282290291843
2016-02-13,0.6946041243408922
2016-02-14,0.6430123081675049
2016-02-15,0.7498347919379815
2016-02-16,0.6826826813986161
2016-02-17,0.6704099047465305
2016-02-18,0.771572494633366
2016-02-19,0.7395688919873696
2016-02-20,0.7205225107688326
2016-02-21,0.7153086294673388
2016-02-22,0.7238547116680847
2016-02-23,0.6866611508839295
2016-02-24,0.7034369911796877
2016-02-25,0.7243434016942226
2016-02-26,0.7340961322377353
2016-02-27,0.7579594006173723
2016-02-28,0.7259895537523866
2016-02-29,0.7842823202179768
2016-03-01,0.7738760386804369
2016-03-02,0.803009991297956
2016-03-03,0.73939707291318
2016-03-04,0.6752662588231602
2016-03-05,0.744414836325148
2016-03-06,0.7723030498640918
2016-03-07,0.7261966809592367
2016-03-08,0.7412337532678273
2016-03-09,0.5408957807712289
2016-03-10,0.6778364423290437
2016-03-11,0.7304545509736574
2016-03-12,0.6946237795173236
2016-03-13,0.7578881310319228
2016-03-14,0.6820112438063469
2016-03-15,0.6584337168546994
2016-03-16,0.5930810386599779
2016-03-17,0.6276488586309139
2016-03-18,0.6359170008720114
2016-03-19,0.675246805330492
2016-03-20,0.7441364513122819
2016-03-21,0.7275896096172547
2016-03-22,0.771966895169778
2016-03-23,0.7455736085443918
2016-03-24,0.7810611821164475
2016-03-25,0.6889762242435824
2016-03-26,0.8019834868105816
2016-03-27,0.7693143088538698
2016-03-28,0.7243953165559534
2016-03-29,0.7295170482140897
2016-03-30,0.7078626797605859
2016-03-31,0.7346007436618456
2016-04-01,0.7791935464165358
2016-04-02,0.7912412163684566
2016-04-03,0.746919724962529
2016-04-04,0.7690723144549072
2016-04-05,0.7783485488637256
2016-04-06,0.7799965615439889
2016-04-07,0.7394510668891039
2016-04-08,0.7489166926138828
2016-04-09,0.8334488840299229
2016-04-10,0.8028282326025424
2016-04-11,0.7846791476791326
2016-04-12,0.7687809664823932
2016-04-13,0.7464025321109773
2016-04-14,0.7924027832294284
2016-04-15,0.762465805467572
2016-04-16,0.7999944401859242
2016-04-17,0.7601995319012328
2016-04-18,0.7530609679164354
2016-04-19,0.8080589078008624
2016-04-20,0.758465620631223
2016-04-21,0.7976428833682658
2016-04-22,0.7781830161629428
2016-04-23,0.8018223174024661
2016-04-24,0.7987878530563722
2016-04-25,0.7602356371674615
2016-04-26,0.7614605211863279
2016-04-27,0.7319365366789102
2016-04-28,0.8071495419107142
2016-04-29,0.8041238766254213
2016-04-30,0.7602925812324359
2016-05-01,0.7742920089292228
2016-05-02,0.7699048069202452
2016-05-03,0.7867660115068573
2016-05-04,0.8540292605105775
2016-05-05,0.7815504871986005
2016-05-06,0.7719636786983168
2016-05-07,0.8394408682062099
2016-05-08,0.7849094773723846
2016-05-09,0.7576497333660019
2016-05-10,0.8126110024715401
2016-05-11,0.8051432149777609
2016-05-12,0.7107437126557892
2016-05-13,0.6957178617967528
2016-05-14,0.780642829776092
2016-05-15,0.8119903264647128
2016-05-16,0.7954448552879975
2016-05-17,0.772298707425344
2016-05-18,0.7672709755975349
2016-05-19,0.7689004119682368
2016-05-20,0.7878973843021784
2016-05-21,0.7687690795688917
2016-05-22,0.7540740684738356
2016-05-23,0.7583720153595976
2016-05-24,0.7860517676399206
2016-05-25,0.7917963170465994
2016-05-26,0.7399589430790308
2016-05-27,0.7920657257045185
2016-05-28,0.7723736259026721
2016-05-29,0.7745938961906883
2016-05-30,0.7889089695055183
2016-05-31,0.7714298067849052
2016-06-01,0.7353857948773532
2016-06-02,0.7834445823470726
2016-06-03,0.7491564865781777
2016-06-04,0.7559768115192163
2016-06-05,0.7291915402924815
2016-06-06,0.7774421755247432
2016-06-07,0.8065116260095351
2016-06-08,0.7582047566213679
2016-06-09,0.7997416116205045
2016-06-10,0.8371384048794885
2016-06-11,0.7871856027299973
2016-06-12,0.7607574296095362
2016-06-13,0.7713047703414184
2016-06-14,0.7846336495855288
2016-06-15,0.8002329455784274
2016-06-16,0.7813988329692179
2016-06-17,0.8016831846343938
2016-06-18,0.7466314598199028
2016-06-19,0.755360597497919
2016-06-20,0.7211657964156177
2016-06-21,0.7309457252950913
2016-06-22,0.7161799693237154
2016-06-23,0.72066689841782
2016-06-24,0.7485682665199627
2016-06-25,0.8023910153011742
2016-06-26,0.7438902307065784
2016-06-27,0.7613899245474449
2016-06-28,0.7679614075414758
2016-06-29,0.7657057319744374
2016-06-30,0.7120623434750852
2016-07-01,0.7803076223477234
2016-07-02,0.8090984639911356
2016-07-03,0.75092341974375
2016-07-04,0.8490835551214038
2016-07-05,0.7426734304137755
2016-07-06,0.7687315307079085
2016-07-07,0.8030851385086419
2016-07-08,0.7532404920627378
2016-07-09,0.809578841480314
2016-07-10,0.776980503851981
2016-07-11,0.7878396065254812
2016-07-12,0.724012093883486
2016-07-13,0.7425043879124842
2016-07-14,0.7241591011953634
2016-07-15,0.7669223113515489
2016-07-16,0.8186975817168252
2016-07-17,0.7508236374699523
2016-07-18,0.7231419169131872
2016-07-19,0.7243467900086843
2016-07-20,0.7861525432611725
2016-07-21,0.8087206605090851
2016-07-22,0.7721691919421968
2016-07-23,0.7983205636151558
2016-07-24,0.7524927813265776
2016-07-25,0.783022133579015
2016-07-26,0.7319397919677608
2016-07-27,0.6924876159863462
2016-07-28,0.7050767161063117
2016-07-29,0.7816436989932067
2016-07-30,0.691116716263563
2016-07-31,0.6688441063441064
2016-08-01,0.7327448555984271
2016-08-02,0.8074431296646396
2016-08-03,0.7435390729462781
2016-08-04,0.7372047838900007
2016-08-05,0.7580110554351549
2016-08-06,0.7970622650104223
2016-08-07,0.778348473449332
2016-08-08,0.7808631054736879
2016-08-09,0.731004383267496
2016-08-10,0.7423685880617056
2016-08-11,0.7833277928801139
2016-08-12,0.8018498701938757
2016-08-13,0.8379634274769494
2016-08-14,0.7438378904201962
2016-08-15,0.7814585776455067
2016-08-16,0.7667792166938638
2016-08-17,0.7754999472223612
2016-08-18,0.8103731584425119
2016-08-19,0.7719030557388633
2016-08-20,0.8280576402703672
2016-08-21,0.7534806358812648
2016-08-22,0.8369491282510497
2016-08-23,0.7979343588165173
2016-08-24,0.809276274998095
2016-08-25,0.7683757551245836
2016-08-26,0.8065729772680033
2016-08-27,0.8203374011940716
2016-08-28,0.7959294447569107
2016-08-29,0.7871352406831389
2016-08-30,0.8270308667497677
2016-08-31,0.8079754659567713
2016-09-01,0.7938970084183551
2016-09-02,0.7629378174705854
2016-09-03,0.8142275164143065
2016-09-04,0.7762213401956936
2016-09-05,0.8055950956302199
2016-09-06,0.7793258244865071
2016-09-07,0.8019970366649295
2016-09-08,0.7807593409404625
2016-09-09,0.8160287870813285
2016-09-10,0.8544606277088884
2016-09-11,0.7969371098607081
2016-09-12,0.741704239488262
2016-09-13,0.7952445366485164
2016-09-14,0.7155432381448092
2016-09-15,0.82791708097318
2016-09-17,0.8228438472407282
2016-09-18,0.8024447236596481
2016-09-19,0.8016589490951307
2016-09-20,0.7799435913904904
2016-09-21,0.7591487928674614
2016-09-22,0.7577097059854578
2016-09-23,0.7630541933937871
2016-09-24,0.8599658649305701
2016-09-25,0.7802183892234188
2016-09-26,0.7604753742316647
2016-09-27,0.7603324243569582
2016-09-28,0.7501614757620618
2016-09-29,0.7783835414293829
2016-09-30,0.7688867465083877
2016-10-01,0.8301913466557902
2016-10-02,0.7772730303835054
2016-10-03,0.775531058734487
2016-10-04,0.7790207219840423
2016-10-05,0.7773353271644889
2016-10-06,0.7522718400600581
2016-10-07,0.7680286427087726
2016-10-08,0.8413085423094534
2016-10-09,0.778106604772847
2016-10-10,0.7876591294761945
2016-10-11,0.8167875292601281
2016-10-12,0.6889407013855093
2016-10-13,0.734130700890254
2016-10-14,0.8277081606163996
2016-10-15,0.8316641410904176
2016-10-16,0.7559754873941632
2016-10-17,0.7489112017835091
2016-10-18,0.748568423091444
2016-10-19,0.8315711353655701
2016-10-20,0.8020447084872883
2016-10-21,0.8069354946384342
2016-10-22,0.8182388167388168
2016-10-23,0.7601561620787158
2016-10-24,0.7548484341077726
2016-10-25,0.7588556120720586
2016-10-26,0.7841433303603056
2016-10-27,0.7403365119123639
2016-10-28,0.7295974582111013
2016-10-29,0.8479669334912268
2016-10-30,0.7571953344383431
2016-10-31,0.740131900123638
2016-11-01,0.763849324696759
2016-11-02,0.8135826402281955
2016-11-03,0.7665215149481595
2016-11-04,0.7601618182399412
2016-11-05,0.8288380796800142
2016-11-06,0.734120471497847
2016-11-07,0.7183068837557698
2016-11-08,0.8196095237429228
2016-11-09,0.7507834595262253
2016-11-10,0.7451964198144223
2016-11-11,0.7707241483676882
2016-11-12,0.8460152003558337
2016-11-13,0.77962751172897
2016-11-14,0.748552113931112
2016-11-15,0.7146578100990129
2016-11-16,0.8141818748469747
2016-11-17,0.7109703988459404
2016-11-18,0.8183166611129916
2016-11-19,0.8184253084727476
2016-11-20,0.7678652705851754
2016-11-21,0.7589588160756264
2016-11-22,0.6933870582887137
2016-11-23,0.7694062210649222
2016-11-24,0.761760090640499
2016-11-25,0.8221902868750393
2016-11-26,0.8758978475037551
2016-11-27,0.7814835189327628
2016-11-28,0.7334978658727207
2016-11-29,0.7322877918138587
2016-11-30,0.674227862882589
2016-12-01,0.7493842134525168
2016-12-02,0.8533215510119966
2016-12-03,0.8567996819206054
2016-12-04,0.7935472162688263
2016-12-05,0.7660909762959527
2016-12-06,0.7590448621505892
2016-12-07,0.7627300694746459
2016-12-08,0.7405888555532925
2016-12-09,0.8196354562521495
2016-12-10,0.841639479376402
2016-12-11,0.7792786530022483
2016-12-12,0.7532910369437721
2016-12-13,0.7932649343387522
2016-12-14,0.8751242632071988
2016-12-15,0.7216120126477101
2016-12-16,0.7041301197838968
2016-12-17,0.787865889537657
2016-12-18,0.8148784724017079
2016-12-19,0.7424299770772149
2016-12-20,0.7743456673901321
2016-12-21,0.7598075790937998
2016-12-22,0.7680108189884718
2016-12-23,0.7572566517016706
2016-12-24,0.8510294038468238
2016-12-25,0.7413732286481262
2016-12-26,0.8069084975910312
2016-12-27,0.7752442634480222
2016-12-28,0.8353909258039787
2016-12-29,0.8489109709391205
2016-12-30,0.782584238121647
2016-12-31,0.875950928556913
2017-01-01,0.7854681411858001
2017-01-02,0.7978394012092782
2017-01-03,0.7792026047033797
2017-01-04,0.7600787982342776
2017-01-05,0.8093753379215497
2017-01-06,0.8661238817285015
2017-01-07,0.8501614938406497
2017-01-08,0.7749626560810755
2017-01-09,0.7453473939411716
2017-01-10,0.8485672093342778
2017-01-11,0.8553531685105573
2017-01-12,0.7858795761461393
2017-01-13,0.8511213816596508
2017-01-14,0.8706982160309539
2017-01-15,0.8082686307142243
2017-01-16,0.809408785612517
2017-01-17,0.7764808261627489
2017-01-18,0.8099987747024813
2017-01-19,0.7369950864011936
2017-01-20,0.8013055764731305
2017-01-21,0.7971267706264756
2017-01-22,0.7730611686390146
2017-01-23,0.7786242770635823
2017-01-24,0.8092992369035157
2017-01-25,0.7437837665405972
2017-01-26,0.7934909789644558
2017-01-27,0.8185661250057408
2017-01-28,0.8576094924942853
2017-01-29,0.8076883627973579
2017-01-30,0.7494270114251962
2017-01-31,0.8192558902199135
2017-02-01,0.8301789364092818
2017-02-02,0.8008264793547348
2017-02-03,0.8216358487953974
2017-02-04,0.8158117321031871
2017-02-05,0.8184404052669525
2017-02-06,0.7720964990347987
2017-02-07,0.7644508936799426
2017-03-03,0.8362970329646255
2017-03-04,0.8612329467060638
2017-03-05,0.8382714084716948
2017-03-06,0.8335472933347193
2017-03-07,0.8538495752300745
2017-03-08,0.8416729768823303
2017-03-09,0.8128584966739112
2017-03-10,0.8383340415464298
2017-03-11,0.8576480895021983
2017-03-12,0.8219327472002864
2017-03-13,0.8505209272380323
2017-03-14,0.7556513826629168
2017-03-15,0.8132492470253878
2017-03-16,0.8270827120911985
2017-03-17,0.829168327181626
2017-03-18,0.8479712300623483
2017-03-19,0.8529888956377133
2017-03-20,0.7874161867767122
2017-03-21,0.8175783653425238
2017-03-22,0.8431967274074095
2017-03-23,0.8348586887553264
2017-03-24,0.858102223027503
2017-03-25,0.8530265037815221
2017-03-26,0.8285570205031395
2017-03-27,0.8309154559651288
2017-03-28,0.8473333859293593
2017-03-29,0.8389848009278661
2017-03-30,0.775715959794901
2017-03-31,0.8358351008346827
2017-04-01,0.8278339250453498
2017-04-02,0.8012808316861784
2017-04-03,0.8220547572809573
2017-04-04,0.8321573106566114
2017-04-05,0.8256374898038337
2017-04-06,0.8641995430181292
2017-04-07,0.7866820982800191
2017-04-08,0.8588739737708446
2017-04-09,0.8221825259066295
2017-04-10,0.8447432868614633
2017-04-11,0.8437498542836335
2017-04-12,0.8176490603726654
2017-04-13,0.8138471976664681
2017-04-14,0.8303082949786511
2017-04-15,0.8476065129598985
2017-04-16,0.8275538353927796
2017-04-17,0.7828256901768216
2017-04-18,0.8574360684967337
2017-04-19,0.8340530625443023
2017-04-20,0.8534136316044343
2017-04-21,0.8308257673362742
2017-04-22,0.6618932711263505
2017-04-23,0.676760339231434
2017-04-24,0.8651518045338061
2017-04-25,0.8577091430349448
2017-04-26,0.8445353476135431
2017-04-27,0.8141415610021945
2017-04-28,0.8060633694713343
2017-04-29,0.832277110618276
2017-04-30,0.8347608015334993
2017-05-01,0.838419346597713
2017-05-02,0.7928693805036473
2017-05-03,0.7328433371544318
2017-05-04,0.7225575156249702
2017-05-05,0.7060814710253254
2017-05-06,0.7722030358729413
2017-05-07,0.7428869984214664
2017-05-08,0.7935498629588342
2017-05-09,0.7581695242738312
2017-05-10,0.8020992035047148
2017-05-11,0.792073532033863
2017-05-12,0.7986676237362578
2017-05-13,0.7823638004594684
2017-05-14,0.7567266346391521
2017-05-15,0.855114615267535
2017-05-16,0.7960917493470843
2017-05-17,0.7505010596437018
2017-05-18,0.7627004216969455
2017-05-19,0.7968242935571984
2017-05-20,0.7950754926501264
2017-05-21,0.7758753377592639
2017-05-22,0.8007106220825596
2017-05-23,0.8086278013803307
2017-05-24,0.8096045167417764
2017-05-25,0.8103857296537128
2017-05-26,0.8065394998190252
2017-05-27,0.8184923949642088
2017-05-28,0.7960340195878728
2017-05-29,0.8278225243109378
2017-05-30,0.7713796116528587
2017-05-31,0.7928853838485814
2017-06-01,0.804264655345003
2017-06-02,0.8223789221899922
2017-06-03,0.8563996363269016
2017-06-04,0.850475885545826
2017-06-05,0.8090545823770092
2017-06-06,0.8373274481867707
2017-06-07,0.8192166502795231
2017-06-08,0.8132964954226016
2017-06-09,0.798313076945089
2017-06-10,0.8402963806727457
2017-06-11,0.7889401127811688
2017-06-12,0.7652805541247675
2017-06-13,0.8104436564753084
2017-06-14,0.7779857416547415
2017-06-15,0.823881607949269
2017-06-16,0.7761646837369716
2017-06-17,0.8078505718740897
2017-06-18,0.8073982924424142
2017-06-19,0.8606247423846456
2017-06-20,0.8160845736322679
2017-06-21,0.8310513732435707
2017-06-22,0.7928145171268641
2017-06-23,0.8228838361730846
2017-06-24,0.8379352240132945
2017-06-25,0.8205716605004761
2017-06-26,0.8238451586335572
2017-06-27,0.8128543707823386
2017-06-28,0.7974023236011261
2017-06-29,0.7824779278372562
2017-06-30,0.795887579006932
2017-07-01,0.8260148062096467
2017-07-02,0.7761679557167762
2017-07-03,0.8063014546980785
2017-07-04,0.8885852506067291
2017-07-05,0.8137998460389837
2017-07-06,0.786183626026985
2017-07-07,0.7788675618203746
2017-07-08,0.8216480365414623
2017-07-09,0.817552085601761
2017-07-10,0.8036573333872419
2017-07-11,0.7911293750660356
2017-07-12,0.7743993648319296
2017-07-13,0.8134735540167053
2017-07-14,0.8146511777218058
2017-07-15,0.8258252287332305
2017-07-16,0.7644219668599904
2017-07-17,0.8586935050618801
2017-07-18,0.8300474525546129
2017-07-19,0.7944637782587551
2017-07-20,0.761873609317723
2017-07-21,0.7567449086612686
2017-07-22,0.793675366603135
2017-07-23,0.7941404076259951
2017-07-24,0.8176415974244022
2017-07-25,0.8088535927546177
2017-07-26,0.8261026583427015
2017-07-27,0.7969100603376638
2017-07-28,0.8100467390071424
2017-07-29,0.779370995933766
2017-07-30,0.8168341961473727
2017-07-31,0.8304915091310877
2017-08-01,0.8136913159800483
2017-08-02,0.8085229250206856
2017-08-03,0.7927291836114679
2017-08-04,0.8069764051826633
2017-08-05,0.8059460363456086
2017-08-06,0.7512448773571114
2017-08-07,0.7815576746593118
2017-08-08,0.8147235739801204
2017-08-09,0.8167396430590899
2017-08-10,0.7971391231913157
2017-08-11,0.7919682541158867
2017-08-12,0.7421284614915953
2017-08-13,0.7670364518361006
2017-08-14,0.7966095738364367
2017-08-15,0.8062849616032839
2017-08-16,0.8024620643043774
2017-08-17,0.7909721924114428
2017-08-18,0.7947196744190717
2017-08-19,0.8330343450229903
2017-08-20,0.8046471036387608
2017-08-21,0.8391375259180605
2017-08-22,0.8243662117815819
2017-08-23,0.8274066772909083
2017-08-24,0.812615145335223
2017-08-25,0.7802496614901054
2017-08-26,0.8130731768061097
2017-08-27,0.7827131259808248
2017-08-28,0.8206160114762702
2017-08-29,0.8136972890540634
2017-08-30,0.8273563642125756
2017-08-31,0.8229993746752866
2017-09-01,0.8234712254206413
2017-09-02,0.8316663801470423
2017-09-03,0.8170922586631166
2017-09-04,0.8161419248768552
2017-09-05,0.8487617827056511
2017-09-06,0.8416934479938145
2017-09-07,0.8416032730729961
2017-09-08,0.8292630535239023
2017-09-09,0.8359165160695936
2017-09-10,0.8422825541714956
2017-09-11,0.8426064736114456
2017-09-12,0.7564337453250084
2017-09-13,0.8218655405762019
2017-09-14,0.7882310794933571
2017-09-15,0.8277569757308649
2017-09-16,0.8515671961088495
2017-09-17,0.8330055636539958
2017-09-18,0.8545689127679004
2017-09-19,0.8209984378556854
2017-09-20,0.8228982955782298
2017-09-21,0.8472804023430195
2017-09-22,0.8580720537448716
2017-09-23,0.8268039833335332
2017-09-24,0.8088403001365458
2017-09-25,0.8351263771555568
2017-09-26,0.7756521972782391
2017-09-27,0.7881132299485121
2017-09-28,0.836032975977526
2017-09-29,0.8108315571512721
2017-09-30,0.8264625798649918
2017-10-01,0.7388274148244683
2017-10-02,0.8049752138469727
2017-10-03,0.7656951769161697
2017-10-04,0.7896084298318726
2017-10-05,0.7912886326152473
2017-10-06,0.7842929391836655
2017-10-07,0.7466454559597153
2017-10-08,0.7886731731614872
2017-10-09,0.8185872501365419
2017-10-10,0.8504726843421844
2017-10-11,0.8178913838643966
2017-10-12,0.7915013364935409
2017-10-13,0.8379164688974639
2017-10-14,0.7551692216686704
2017-10-15,0.8199856079489023
2017-10-16,0.8143281840882953
2017-10-17,0.7912612107591996
2017-10-18,0.7943181178381244
2017-10-19,0.7963686721013643
2017-10-20,0.8323704606858444
2017-10-21,0.8334038570496224
2017-10-22,0.8188689478201006
2017-10-23,0.7887211216161908
2017-10-24,0.8050024980783137
2017-10-25,0.804327222314846
2017-10-26,0.7987713432065479
2017-10-27,0.8118712383152926
2017-10-28,0.8100091845582718
2017-10-29,0.8286802884860603
2017-10-30,0.8063583876866323
2017-10-31,0.7933798501981821
2017-11-01,0.7978595282670307
2017-11-02,0.8293470650881692
2017-11-03,0.8098780259809175
2017-11-04,0.8134247154878296
2017-11-05,0.8158830981410449
2017-11-06,0.7974353688140288
2017-11-07,0.8225464665423428
2017-11-08,0.8040383286795887
2017-11-09,0.7907196735786136
2017-11-10,0.8079118031608582
2017-11-11,0.8359558867651828
2017-11-12,0.8201108292055884
2017-11-13,0.8014672990932115
2017-11-14,0.8109579625683926
2017-11-15,0.8474543486203652
2017-11-16,0.8001143418052403
2017-11-17,0.7793328183669164
2017-11-18,0.7952654277105353
2017-11-19,0.8285428594122396
2017-11-20,0.8284362209128936
2017-11-21,0.8345371028677889
2017-11-22,0.8238196172602978
2017-11-23,0.8195530155016013
2017-11-24,0.8239769636779426
2017-11-25,0.7997378160721726
2017-11-26,0.791431458878701
2017-11-27,0.7590751697526088
2017-11-28,0.8147149707424695
2017-11-29,0.7802125619243296
2017-11-30,0.8183631258710494
2017-12-01,0.7698115223632382
2017-12-02,0.8124147411462296
2017-12-03,0.7949534045432702
2017-12-04,0.8021761396081788
2017-12-05,0.7549736070961417
2017-12-06,0.7643575369535098
2017-12-07,0.8145713023603067
2017-12-08,0.77432094673265
2017-12-09,0.7760868256071867
2017-12-10,0.7124068296510206
2017-12-11,0.7334260804288004
2017-12-12,0.7214378715415215
2017-12-13,0.7045520603978732
2017-12-14,0.7257025195502678
2017-12-15,0.7443196474436469
2017-12-16,0.6412056568681944
2017-12-17,0.66833585642834
2017-12-18,0.7629553508559239
2017-12-19,0.7458115487364954
2017-12-20,0.7213108673272276
2017-12-21,0.7697475751735474
2017-12-22,0.7104132531917746
2017-12-23,0.758054781111037
2017-12-24,0.7850947318669065
2017-12-25,0.7040798847146363
2017-12-26,0.7226027049956492
2017-12-27,0.7019073534406624
2017-12-28,0.7636081618389909
2017-12-29,0.6739046057174123
2017-12-30,0.7969512620903153
2017-12-31,0.8188618984584741
2018-01-01,0.7131623338014967
2018-01-02,0.7381338965605387
2018-01-03,0.7300163493898885
2018-01-04,0.63809107865975
2018-01-05,0.6947353707550906
2018-01-06,0.7762669196912794
2018-01-07,0.7642079523431707
2018-01-08,0.6989690419606436
2018-01-09,0.6848795385824185
2018-01-10,0.7166262230271405
2018-01-11,0.7125126542648004
2018-01-12,0.7786507491909316
2018-01-13,0.7951761003959863
2018-01-14,0.7911586590713979
2018-01-15,0.8561081505439333
2018-01-16,0.7639806289060849
2018-01-17,0.7246240117878762
2018-01-18,0.6297694313474407
2018-01-19,0.7712193144283437
2018-01-20,0.8241171108179215
2018-01-21,0.801506381348917
2018-01-22,0.7890493812545731
2018-01-23,0.7649531042932891
2018-01-24,0.7735113007255218
2018-01-25,0.7780209456449878
2018-01-26,0.7913509763182116
2018-01-27,0.8267592766798497
2018-01-28,0.7968682127303972
2018-01-29,0.8032174487307514
2018-01-30,0.7764892697040708
2018-01-31,0.7554285962391957
2018-02-01,0.7768539202175939
2018-02-02,0.7779739361188927
2018-02-03,0.7448089206031323
2018-02-04,0.7356362865485464
2018-02-05,0.7306805648977962
2018-02-06,0.7882227636943443
2018-02-07,0.800150541588782
2018-02-08,0.8321233204321119
2018-02-09,0.7781050854366591
2018-02-10,0.8143843796295168
2018-02-11,0.7866666666666667
2018-02-12,0.8126357714031627
2018-02-13,0.8110354692023782
2018-02-14,0.8068480262320846
2018-02-15,0.819710298375085
2018-02-16,0.8208534718867342
2018-02-17,0.8428282346743843
2018-02-18,0.8039109039639423
2018-02-19,0.8366387996874105
2018-02-20,0.8177600402293481
2018-02-21,0.7891090788563532
2018-02-22,0.7743753786687426
2018-02-23,0.7594560576825373
2018-02-24,0.7886024298388786
2018-02-25,0.785435244324971
2018-02-26,0.794392465038294
2018-02-27,0.7896690274750174
2018-02-28,0.785500901131909
2018-03-01,0.7955356895913919
2018-03-02,0.7512735897993923
2018-03-03,0.809548163426351
2018-03-04,0.7868749739437035
2018-03-05,0.823110236020105
2018-03-06,0.8478506887075062
2018-03-07,0.8077557997388245
2018-03-08,0.7567001203680341
2018-03-09,0.8154369812793492
2018-03-10,0.6821684543674494
2018-03-11,0.7203804460995155
2018-03-12,0.7672973098754234
2018-03-13,0.6121274715279521
2018-03-14,0.7370493661808878
2018-03-15,0.7931316351361898
2018-03-16,0.7671251916356894
2018-03-17,0.8231219683030506
2018-03-18,0.7971689548648865
2018-03-19,0.8034182046725504
2018-03-20,0.7994454172018477
2018-03-21,0.8025379517260874
2018-03-22,0.7987186439417602
2018-03-23,0.795496749758247
2018-03-24,0.8062371049316219
2018-03-25,0.8114212113298037
2018-03-26,0.8129848636672037
2018-03-27,0.8409743614873606
2018-03-28,0.8215587454061271
2018-03-29,0.8157478188584157
2018-03-30,0.8176173819186634
2018-03-31,0.8451152073155769
2018-04-01,0.8432989817300768
2018-04-02,0.8434030407268032
2018-04-03,0.8199234510894691
2018-04-04,0.8145855707243488
2018-04-05,0.8232956109180933
2018-04-06,0.8089852350287754
2018-04-07,0.8172363657764955
2018-04-08,0.8147148262020361
2018-04-09,0.8190373181430872
2018-04-10,0.8106198131957107
2018-04-11,0.7960804230753371
2018-04-12,0.8128442740259687
2018-04-13,0.8172547408664962
2018-04-14,0.767237077212764
2018-04-15,0.7973562278550015
2018-04-16,0.7553612692567824
2018-04-17,0.8029316681684695
2018-04-18,0.8136313979896692
2018-04-19,0.8313103560768282
2018-04-20,0.7982832288072178
2018-04-21,0.8446157057785365
2018-04-22,0.847994080529198
2018-04-23,0.7700975564792434
2018-04-24,0.8150209113093512
2018-04-25,0.8248021434243002
2018-04-26,0.8461079147874784
2018-04-27,0.8407133700823491
2018-04-28,0.8182331401522414
2018-04-29,0.7632681134371612
2018-04-30,0.7690792606772172
2018-05-01,0.7967233623202393
2018-05-02,0.7627802099606977
2018-05-03,0.725113993842495
2018-05-04,0.7613163713926169
2018-05-05,0.8289248012701234
2018-05-06,0.8012258736184905
2018-05-07,0.7976717971180216
2018-05-08,0.8181953426300275
2018-05-09,0.7801157030190572
2018-05-10,0.7967475030768973
2018-05-11,0.7724459499915157
2018-05-12,0.8273150233727983
2018-05-13,0.8142847905931633
2018-05-14,0.7696897736065795
2018-05-15,0.7638377003475685
2018-05-16,0.8034398955921582
2018-05-17,0.7392967190404244
2018-05-18,0.8008398627134854
2018-05-19,0.7621347448303345
2018-05-20,0.8033386369179638
2018-05-21,0.6889040243013482
2018-05-22,0.7501145216278041
2018-05-23,0.7267039304721297
2018-05-24,0.7673544266240175
2018-05-25,0.7368735459069653
2018-05-26,0.7937197506220777
2018-05-27,0.8015008642435695
2018-05-28,0.7691093543301166
2018-05-29,0.7800102734428729
2018-05-30,0.7338409371092333
2018-05-31,0.7372157509023198
2018-06-01,0.8054368199657985
2018-06-02,0.788177619439861
2018-06-03,0.7706496763464702
2018-06-04,0.7594906824239018
2018-06-05,0.808143869073822
2018-06-06,0.7990998772142979
2018-06-07,0.7746221142769233
2018-06-08,0.7594731954495954
2018-06-09,0.7927637194913749
2018-06-10,0.7932543709825477
2018-06-11,0.777852478817347
2018-06-12,0.7586890185888326
2018-06-13,0.8308144838873861
2018-06-14,0.7814752499634956
2018-06-15,0.7628573361517638
2018-06-16,0.7554610602113546
2018-06-17,0.829955462768078
2018-06-18,0.8123463511105885
2018-06-19,0.7838378964910148
2018-06-20,0.7931670641725972
2018-06-21,0.8054116987726178
2018-06-22,0.7798929734130107
2018-06-23,0.7544860412319359
2018-06-24,0.7680698963156537
2018-06-25,0.7917336868138971
2018-06-26,0.727206199154959
2018-06-27,0.7993344014855074
2018-06-28,0.7690672482361421
2018-06-29,0.7279281667791226
2018-06-30,0.7043753411956574
2018-07-01,0.7231853975337063
2018-07-02,0.7728247149089597
2018-07-03,0.7699790431470044
2018-07-04,0.8618891133512191
2018-07-05,0.7852240231722538
2018-07-06,0.7613673823629965
2018-07-07,0.7385236121577492
2018-07-08,0.7591991110731228
2018-07-09,0.7508960083295553
2018-07-10,0.7677282445773206
2018-07-11,0.7944386441684131
2018-07-12,0.7672058568399376
2018-07-13,0.7528778716607181
2018-07-14,0.7597688852578199
2018-07-15,0.7921643251558594
2018-07-16,0.8040378955544611
2018-07-17,0.8015236746770941
2018-07-18,0.7658717769729625
2018-07-19,0.7211305534569078
2018-07-20,0.7224936907247468
2018-07-21,0.7243241142210282
2018-07-22,0.72169508506339
2018-07-23,0.7863008414246502
2018-07-24,0.7664871471633514
2018-07-25,0.7804477544333465
2018-07-26,0.791253301652542
2018-07-27,0.7556427216225433
2018-07-28,0.7383147667955943
2018-07-29,0.7890392758963746
2018-07-30,0.7326118969249623
2018-07-31,0.7093119730785611
2018-08-01,0.7448533991803691
2018-08-02,0.7146936415032739
2018-08-03,0.7349873279666816
2018-08-04,0.7546968798607516
2018-08-05,0.755628530588886
2018-08-06,0.7470110036009513
2018-08-07,0.7319778041646102
2018-08-08,0.7555384401633014
2018-08-09,0.7292564895369484
2018-08-10,0.7463515203608235
2018-08-11,0.7795445322108703
2018-08-12,0.791855723743567
2018-08-13,0.7381926003618448
2018-08-14,0.7768043235485329
2018-08-15,0.7885907827668388
2018-08-16,0.753062710685261
2018-08-17,0.7510202165016227
2018-08-18,0.7351549051137202
2018-08-19,0.7185296708562076
2018-08-20,0.7325379656831048
2018-08-21,0.7221633040065032
2018-08-22,0.7728938179179288
2018-08-23,0.7242917345569058
2018-08-24,0.7307376712528474
2018-08-25,0.7779744107100705
2018-08-26,0.7295103778605642
2018-08-27,0.7818000308784544
2018-08-28,0.7439997037891073
2018-08-29,0.7377258039462797
2018-08-30,0.756715949303206
2018-08-31,0.7772937245494792
2018-09-01,0.7520312979633771
2018-09-02,0.776428179505806
2018-09-03,0.794045384880087
2018-09-04,0.7962200635341408
2018-09-05,0.7517711901166234
2018-09-06,0.7578474790870844
2018-09-07,0.751469308502634
2018-09-08,0.7720427695581216
2018-09-09,0.7759521696092467
2018-09-10,0.7901672749578519
2018-09-11,0.8086199071436209
2018-09-12,0.7817282118530862
2018-09-13,0.8001776493317303
2018-09-14,0.8127013728706742
2018-09-15,0.8562772515315972
2018-09-16,0.816849014025471
2018-09-17,0.8234210521611642
2018-09-18,0.8108061778952325
2018-09-19,0.760626894448289
2018-09-20,0.8033647381107942
2018-09-21,0.7940879280745934
2018-09-22,0.8057009950209033
2018-09-23,0.79355585017543
2018-09-24,0.816150159106128
2018-09-25,0.8019027674644399
2018-09-26,0.7902856823645811
2018-09-27,0.7884702754098728
2018-09-28,0.7863480261834435
2018-09-29,0.797403894520534
2018-09-30,0.7591959056004779
2018-10-01,0.8096423470935078
2018-10-02,0.7923869611395058
2018-10-03,0.7858835894129672
2018-10-04,0.7847983307749655
2018-10-05,0.7667350949509206
2018-10-06,0.771815313455854
2018-10-07,0.7216451383015509
2018-10-08,0.7717309695963126
2018-10-09,0.7365524979005023
2018-10-10,0.7648113536715866
2018-10-11,0.7712085797966399
2018-10-12,0.7402585682311195
2018-10-13,0.7476350766076127
2018-10-14,0.7524513188559584
2018-10-15,0.7380512201755461
2018-10-16,0.7635689522487172
2018-10-17,0.7592544493247433
2018-10-18,0.7431741581058986
2018-10-19,0.7804883711154974
2018-10-20,0.7936720285068575
2018-10-21,0.7485899577714035
2018-10-22,0.7285837004816438
2018-10-23,0.806586785159105
2018-10-24,0.7670050651082978
2018-10-25,0.727109012856932
2018-10-26,0.7478564509390881
2018-10-27,0.7153589333908863
2018-10-28,0.7180800940196104
2018-10-29,0.7888738696665192
2018-10-30,0.7701190523175453
2018-10-31,0.7414822881727599
2018-11-01,0.7749146158145412
2018-11-02,0.7848589373448009
2018-11-03,0.7099282513704728
2018-11-04,0.7187992524539348
2018-11-05,0.7615037632472048
2018-11-06,0.7264272008018153
2018-11-07,0.7456276616592696
2018-11-08,0.7714422115053297
2018-11-09,0.7432018389001103
2018-11-10,0.7084398762959712
2018-11-11,0.7228870126891086
2018-11-12,0.7464518225068686
2018-11-13,0.7371747185303252
2018-11-14,0.7623834233908908
2018-11-15,0.7506913017906975
2018-11-16,0.7652168645042912
2018-11-17,0.7411611984321467
2018-11-18,0.7421458593418534
2018-11-19,0.7873471622980526
2018-11-20,0.7763578423226785
2018-11-21,0.7797582057298944
2018-11-22,0.8013646896840423
2018-11-23,0.8065655211646783
2018-11-24,0.7981907533444558
2018-11-25,0.7582951440485187
2018-11-26,0.7762146174979871
2018-11-27,0.6943418646204398
2018-11-28,0.7267894144417271
2018-11-29,0.7311265018686215
2018-11-30,0.7201485927652536
2018-12-01,0.7533540399823145
2018-12-02,0.7304148769003818
2018-12-03,0.7713720169942165
2018-12-04,0.7907757836517885
2018-12-05,0.7532187684254035
2018-12-06,0.7454458657195673
2018-12-07,0.7762317213677012
2018-12-08,0.5718252818615694
2018-12-09,0.6874437130133038
2018-12-10,0.7169328113144007
2018-12-11,0.7745377357650592
2018-12-12,0.768846013527032
2018-12-13,0.7404985814539637
2018-12-14,0.7707113699522715
2018-12-15,0.6915119858337442
2018-12-16,0.7248060236568914
2018-12-17,0.7207065950018818
2018-12-18,0.773742080303448
2018-12-19,0.7523600172636604
2018-12-20,0.7544072379712339
2018-12-21,0.7146087545821841
2018-12-22,0.6991001806280839
2018-12-23,0.7582198117848697
2018-12-24,0.7388174482085246
2018-12-25,0.6790307445474825
2018-12-26,0.807225697362536
2018-12-27,0.7949658616886475
2018-12-28,0.814178902666472
2018-12-29,0.8091542570168965
2018-12-30,0.7746294155150362
2018-12-31,0.7731088124944276
2019-01-01,0.7378625490585542
2019-01-02,0.7910266322031636
2019-01-03,0.7423993323199183
2019-01-04,0.7399603723638952
2019-01-05,0.7086967028495152
2019-01-06,0.7104520558299634
2019-01-07,0.7450316428996484
2019-01-08,0.7850908619496073
2019-01-09,0.7761222873003113
2019-01-10,0.7409934996210914
2019-01-11,0.7549235665667808
2019-01-12,0.7098481915124266
2019-01-13,0.6707412145888374
2019-01-14,0.6635985994006779
2019-01-15,0.7517616189453026
2019-01-16,0.7096644009132141
2019-01-17,0.7307170966840304
2019-01-18,0.7457200606562768
2019-01-19,0.7713375161223627
2019-01-20,0.5444210899489248
2019-01-21,0.5964367257635227
2019-01-22,0.680669553292381
2019-01-23,0.7582634405914722
2019-01-24,0.6876165100569299
2019-01-25,0.7436504971424442
2019-01-26,0.7073628739743812
2019-01-27,0.7023371631126197
2019-01-28,0.746464852932542
2019-01-29,0.7431777598718952
2019-01-30,0.7138331100143395
2019-01-31,0.6440758934867334
2019-02-01,0.6711447424007944
2019-02-02,0.7035146666028952
2019-02-03,0.6215061456535936
2019-02-04,0.7259176093777491
2019-02-05,0.7081824202660036
2019-02-06,0.7788294138672354
2019-02-07,0.7278962004134262
2019-02-08,0.6724859292229821
2019-02-09,0.6611320614804634
2019-02-10,0.7018961214455045
2019-02-11,0.7971532859169836
2019-02-12,0.7445407163364076
2019-02-13,0.7661979611996934
2019-02-14,0.7751868895321344
2019-02-15,0.7760428656825265
2019-02-16,0.8035850597334545
2019-02-17,0.7748483920416012
2019-02-18,0.784677012553139
2019-02-19,0.8010991908902814
2019-02-20,0.7819588736771759
2019-02-21,0.6915597026058059
2019-02-22,0.7242031884415681
2019-02-23,0.7263578062514385
2019-02-24,0.7013695847243435
2019-02-25,0.6725582072906147
2019-02-26,0.7593334178910165
2019-02-27,0.7306488931767231
2019-02-28,0.7769385545804177
2019-03-01,0.7258930509837672
2019-03-02,0.7308296584039794
2019-03-03,0.7248531233396468
2019-03-04,0.6299137511518669
2019-03-05,0.7368312007463211
2019-03-06,0.7453330611647078
2019-03-07,0.7525961772794441
2019-03-08,0.7580180961441286
2019-03-09,0.7219871987258513
2019-03-10,0.6954338668087234
2019-03-11,0.7121851299548032
2019-03-12,0.8310451742078022
2019-03-13,0.8127352739110806
2019-03-14,0.7697738146271579
2019-03-15,0.7778380896683719
2019-03-16,0.7940390500007767
2019-03-17,0.8096894143998246
2019-03-18,0.8276156998656945
2019-03-19,0.8250604141721005
2019-03-20,0.8341928072322906
2019-03-21,0.760220030026167
2019-03-22,0.768517389486735
2019-03-23,0.7862940597970746
2019-03-24,0.7573319504011603
2019-03-25,0.8133109874381628
2019-03-26,0.8495423820418866
2019-03-27,0.7671101074694864
2019-03-28,0.7449735933112764
2019-03-29,0.7756434473823709
2019-03-30,0.6537665311571461
2019-03-31,0.6978578163076983
2019-04-01,0.7722114647048557
2019-04-02,0.8073817751359501
2019-04-03,0.7723499453016798
2019-04-04,0.7783937813424008
2019-04-05,0.8008699613667372
2019-04-06,0.6798154102380236
2019-04-07,0.7636667893503867
2019-04-08,0.8310676439863833
2019-04-09,0.8127697941656497
2019-04-10,0.8192877089037028
2019-04-11,0.8226652804722121
2019-04-12,0.8270104337237554
2019-04-13,0.7896107066111264
2019-04-14,0.8338395890932524
2019-04-15,0.7793999388546305
2019-04-16,0.8138358980782214
2019-04-17,0.842506576779274
2019-04-18,0.8690599528390035
2019-04-19,0.7955775636328983
2019-04-20,0.6997323915270344
2019-04-21,0.844135585057992
2019-04-22,0.820356521022202
2019-04-23,0.8032984301746529
2019-04-24,0.8398089200832328
2019-04-25,0.8548635737402415
2019-04-26,0.8195649666382734
2019-04-27,0.8101604601211828
2019-04-28,0.7841207452138494
2019-04-29,0.8018769372747978
2019-04-30,0.8111194973023056
2019-05-01,0.8187759959852102
2019-05-02,0.8099847084353379
2019-05-03,0.801914210691109
2019-05-04,0.7350079731894951
2019-05-05,0.8310019325341702
2019-05-06,0.8301397494943847
2019-05-07,0.8314548682340173
2019-05-08,0.8403538335349963
2019-05-09,0.8006415017248635
2019-05-10,0.8661756657871839
2019-05-11,0.8558297301097726
2019-05-12,0.8668680343376273
2019-05-13,0.793110064127323
2019-05-14,0.8368931780040256
2019-05-15,0.8701155032202861
2019-05-16,0.8000626688834216
2019-05-17,0.8129925224955918
2019-05-18,0.8531479964694135
2019-05-19,0.8735057281175032
2019-05-20,0.8707907136060339
2019-05-21,0.842464209903234
2019-05-22,0.8412363487919766
2019-05-23,0.838003431072484
2019-05-24,0.869295934866851
2019-05-25,0.8534589629164797
2019-05-26,0.8245475589047523
2019-05-27,0.7583105956113887
2019-05-28,0.8068011213345896
2019-05-29,0.7847345241792176
2019-05-30,0.7986587432533545
2019-05-31,0.8112447238050982
2019-06-01,0.8371325765275535
2019-06-02,0.8672846482797792
2019-06-03,0.8325414639254041
2019-06-04,0.8571616044329955
2019-06-05,0.849175142461854
2019-06-06,0.8869397891086683
2019-06-07,0.814493909782805
2019-06-08,0.7439129671503067
2019-06-09,0.8459705525674845
2019-06-10,0.8203574990543152
2019-06-11,0.8293503131224129
2019-06-12,0.8550259447366317
2019-06-13,0.8382513596564736
2019-06-14,0.823079215597514
2019-06-15,0.7349708197430128
2019-06-16,0.8286771850646854
2019-06-17,0.8254686039102992
2019-06-18,0.8213457715082917
2019-06-19,0.8584572943541358
2019-06-20,0.8455461895637468
2019-06-21,0.8463803186259089
2019-06-22,0.7847375129277757
2019-06-23,0.7355229765823266
2019-06-24,0.8046444433316321
2019-06-25,0.842640849898098
2019-06-26,0.8242515305691978
2019-06-27,0.855550249190605
2019-06-28,0.8521382427339121
2019-06-29,0.8490519325132255
2019-06-30,0.8145372206120757
2019-07-01,0.8525388498091369
2019-07-02,0.8443175805609039
2019-07-03,0.8476465758546988
2019-07-04,0.7850331224457735
2019-07-05,0.8513160544658366
2019-07-06,0.842919686406022
2019-07-07,0.8444484546794865
2019-07-08,0.8103275347340463
2019-07-09,0.8038758322778126
2019-07-10,0.8182026893182297
2019-07-11,0.8056961443173979
2019-07-12,0.8413356081040273
2019-07-13,0.7802456159147881
2019-07-14,0.8526846694338959
2019-07-15,0.8390141939496993
2019-07-16,0.8285209359531791
2019-07-17,0.7919217817147424
2019-07-18,0.8193941272227605
2019-07-19,0.7928177509376721
2019-07-20,0.7525357108579881
2019-07-21,0.7486192248372646
2019-07-22,0.8118733087422149
2019-07-23,0.7857005986025478
2019-07-24,0.8066264920564307
2019-07-25,0.8502504605124749
2019-07-26,0.7996139452352891
2019-07-27,0.7834297611055375
2019-07-28,0.8040352458945562
2019-07-29,0.8330317808796153
2019-07-30,0.7827756589505882
2019-07-31,0.7816032642087369
2019-08-01,0.7969372880450892
2019-08-02,0.8460686294788939
2019-08-03,0.798181545408578
2019-08-04,0.8271213405267976
2019-08-05,0.8077374655404043
2019-08-06,0.8096190072061398
2019-08-07,0.7971879470159507
2019-08-08,0.8570371222778204
2019-08-09,0.8753377234303334
2019-08-10,0.7857786763366041
2019-08-11,0.8045836996850766
2019-08-12,0.8125537438234706
2019-08-13,0.8249365937687059
2019-08-14,0.8426729315438719
2019-08-15,0.8366407961328095
2019-08-16,0.8257541055367847
2019-08-17,0.8254228580544322
2019-08-18,0.7971364860294996
2019-08-19,0.8239584606703947
2019-08-20,0.8734468352993605
2019-08-21,0.859946828474816
2019-08-22,0.8193398694619094
2019-08-23,0.854778497091974
2019-08-24,0.8177471117169913
2019-08-25,0.8359240244804882
2019-08-26,0.8600218349167832
2019-08-27,0.8493780225267364
2019-08-28,0.8576102165511128
2019-08-29,0.876746127779741
2019-08-30,0.8748565477361396
2019-08-31,0.8164475405520665
2019-09-01,0.8127390357903713
2019-09-02,0.8387334921642895
2019-09-03,0.8289624999040368
2019-09-04,0.8564625458241283
2019-09-05,0.846698929037327
2019-09-06,0.8130323955321908
2019-09-07,0.7995899043044261
2019-09-08,0.7855249022491505
2019-09-09,0.7919853973697933
2019-09-10,0.8287821587589164
2019-09-11,0.821944750957623
2019-09-12,0.8053506338517338
2019-09-13,0.8034812896565744
2019-09-14,0.7413965094313023
2019-09-15,0.7934418134304216
2019-09-16,0.8526102642256499
2019-09-17,0.860410599490502
2019-09-18,0.8244380620460188
2019-09-19,0.8357470244080308
2019-09-20,0.8530940508776447
2019-09-21,0.7936687075985394
2019-09-22,0.8266194614820431
2019-09-23,0.8366263181009838
2019-09-24,0.7938667899651871
2019-09-25,0.8217893534512231
2019-09-26,0.8365716327358148
2019-09-27,0.8489794043115009
2019-09-28,0.8082146259062009
2019-09-29,0.8328468173273381
2019-09-30,0.8233715404209955
2019-10-01,0.8631797620854342
2019-10-02,0.8641054695902379
2019-10-03,0.8568160586761588
2019-10-04,0.8359607893103871
2019-10-05,0.7553906674392497
2019-10-06,0.8267490684864874
2019-10-07,0.7916058079658472
2019-10-08,0.8256734641540746
2019-10-09,0.8018317370889849
2019-10-10,0.811248263239489
2019-10-11,0.8279183497112588
2019-10-12,0.7412402320883587
2019-10-13,0.7872116213423488
2019-10-14,0.871427378328598
2019-10-15,0.8256197477498651
2019-10-16,0.8232881713138749
2019-10-17,0.7972525532248598
2019-10-18,0.7883872660053912
2019-10-19,0.7402394635059191
2019-10-20,0.7728299087454017
2019-10-21,0.796890166370843
2019-10-22,0.8578826334873354
2019-10-23,0.8614451920569888
2019-10-24,0.8394699540248471
2019-10-25,0.7927863749345007
2019-10-26,0.6989634529600819
2019-10-27,0.7604972705245447
2019-10-28,0.7211168471598963
2019-10-29,0.7416669923356418
2019-10-30,0.8339317064011439
2019-10-31,0.7962861023721033
2019-11-01,0.7197581383064589
2019-11-02,0.7230510727325905
2019-11-03,0.7317172362195883
2019-11-04,0.8261241169801674
2019-11-05,0.7872446596585405
2019-11-06,0.8115358796721327
2019-11-07,0.8548357305453063
2019-11-08,0.8190453709539306
2019-11-09,0.7582915482080004
2019-11-10,0.7757492791636772
2019-11-11,0.8548673445106921
2019-11-12,0.8526629520991864
2019-11-13,0.8208428361589335
2019-11-14,0.8282247102527037
2019-11-15,0.825067190515507
2019-11-16,0.8238648938842895
2019-11-17,0.8497026733452657
2019-11-18,0.7700640209969043
2019-11-19,0.8009954424431288
2019-11-20,0.7750501412063281
2019-11-21,0.8244111160364385
2019-11-22,0.821757789773137
2019-11-23,0.8492537975160845
2019-11-24,0.8162111464233295
2019-11-25,0.8166957516244325
2019-11-26,0.7857233935898595
2019-11-27,0.848328567872692
2019-11-28,0.8078216791882913
2019-11-29,0.8333426805410963
2019-11-30,0.7382570196252289
2019-12-01,0.7571230950046663
2019-12-02,0.7431998449596876
2019-12-03,0.7873369143179536
2019-12-04,0.7286291621053435
2019-12-05,0.7906610861127334
2019-12-06,0.764362750148015
2019-12-07,0.7187157903958504
2019-12-08,0.692790757086597
2019-12-09,0.7919587536919004
2019-12-10,0.7960126643738739
2019-12-11,0.749902038818572
2019-12-12,0.7583098058691297
2019-12-13,0.7682511608808062
2019-12-14,0.7546841539270186
2019-12-15,0.7463813561749262
2019-12-16,0.7564568672129235
2019-12-17,0.8157964229959149
2019-12-18,0.8037986813754625
2019-12-19,0.7846938967426237
2019-12-20,0.7370111780068472
2019-12-21,0.7201364889512287
2019-12-22,0.7665302053767777
2019-12-23,0.8614461893925284
2019-12-24,0.8567225775311349
2019-12-25,0.819754083524883
2019-12-26,0.873186609181756
2019-12-27,0.8516301685273079
2019-12-28,0.7531492706992893
2019-12-29,0.8117935782206577
2019-12-30,0.8613408475202777
2019-12-31,0.8341173855741093
2020-01-01,0.7205208832097215
2020-01-02,0.8090837694393483
2020-01-03,0.7983337837226321
2020-01-04,0.8334048604205058
2020-01-05,0.8206626418783151
2020-01-06,0.8579778061919066
2020-01-07,0.8368448397487125
2020-01-08,0.8256298815135851
2020-01-09,0.8229575097735178
2020-01-10,0.8284688535460676
2020-01-11,0.7662381775668563
2020-01-12,0.7609200428294525
2020-01-13,0.8271888804930794
2020-01-14,0.8106125067740411
2020-01-15,0.816030547931819
2020-01-16,0.8339619155212257
2020-01-17,0.7818394098744719
2020-01-18,0.7377789689425892
2020-01-19,0.7873525926110186
2020-01-20,0.8275277054497245
2020-01-21,0.8504914894427966
2020-01-22,0.7807346133321972
2020-01-23,0.8272242287260964
2020-01-24,0.7991908751521379
2020-01-25,0.7535342993648751
2020-01-26,0.7731893075158307
2020-01-27,0.8433867803603607
2020-01-28,0.8445195804593066
2020-01-29,0.8476510432192876
2020-01-30,0.8023617791289424
2020-01-31,0.7990772845075027
2020-02-01,0.7748470931711804
2020-02-02,0.801689258561081
2020-02-03,0.7977247362567028
2020-02-04,0.8046929293674432
2020-02-05,0.8364037436362746
2020-02-06,0.7889665950732447
2020-02-07,0.8340317753552362
2020-02-08,0.7768719614813833
2020-02-09,0.7536590268855872
2020-02-10,0.8160831231582094
2020-02-11,0.7887424416770203
2020-02-12,0.819199089774206
2020-02-13,0.836462713897254
2020-02-14,0.7837767465560965
2020-02-15,0.7718552621534173
2020-02-16,0.7872687452929149
2020-02-17,0.7745436588188822
2020-02-18,0.7968906849701454
2020-02-19,0.8011617440473664
2020-02-20,0.7765321495630872
2020-02-21,0.8093030683449756
2020-02-22,0.8130830176676402
2020-02-23,0.8236313380273085
2020-02-24,0.8636518443656993
2020-02-25,0.8771659126917974
2020-02-26,0.8418521199010441
2020-02-27,0.8200912387049841
2020-02-28,0.8471843828549916
2020-02-29,0.749274336212983
2020-03-01,0.7677328006758563
2020-03-02,0.8408436149205736
2020-03-03,0.8249821374065425
2020-03-04,0.8321602833717614
2020-03-05,0.8540543519712718
2020-03-06,0.8103858244893516
2020-03-07,0.8129105931865614
2020-03-08,0.8208192048984806
2020-03-09,0.8701553136908571
2020-03-10,0.8761949570252394
2020-03-11,0.8318082156503022
2020-03-12,0.8625557281842683
2020-03-13,0.8578046253355638
2020-03-14,0.8310846702612539
2020-03-15,0.8159775368092436
2020-03-16,0.8625950238533309
2020-03-17,0.8288262204421508
2020-03-18,0.843924931420062
2020-03-19,0.7977510425036254
2020-03-20,0.8453491719634717
2020-03-21,0.8177541099618408
2020-03-22,0.7812358428848561
2020-03-23,0.8640264362339215
2020-03-24,0.8692861512145085
2020-03-25,0.8756800056262395
2020-03-26,0.792009114695304
2020-03-27,0.8208644810818853
2020-03-28,0.8225124596182442
2020-03-29,0.8339101936055295
2020-03-30,0.8457016656498818
2020-03-31,0.8116069434569078
2020-04-01,0.8497250458597511
2020-04-02,0.7890763800991136
2020-04-03,0.7928647558789284
2020-04-04,0.8272699448182549
2020-04-05,0.8495644322482977
2020-04-06,0.82274191536168
2020-04-07,0.8112074792846824
2020-04-08,0.8128392164556086
2020-04-09,0.8073133262208219
2020-04-10,0.8103771629654151
2020-04-11,0.8105653378264273
2020-04-12,0.8122224920422919
2020-04-13,0.7932766273075238
2020-04-14,0.7914392209483163
2020-04-15,0.679867993727972
2020-04-16,0.7351861580257283
2020-04-17,0.7547182925094702
2020-04-18,0.7898796329125722
2020-04-19,0.8473379442525306
2020-04-20,0.7993299242681983
2020-04-21,0.8096135946233854
2020-04-22,0.8067955247450174
2020-04-23,0.7988022304402915
2020-04-24,0.8154881749757608
2020-04-25,0.7786791327495307
2020-04-26,0.8599848633312894
2020-04-27,0.814088354953106
2020-04-28,0.8563635486430463
2020-04-29,0.8668342725335668
2020-04-30,0.8327133936690216
2020-05-01,0.7755376602255926
2020-05-02,0.7528585437894605
2020-05-03,0.8154566863918948
2020-05-04,0.8794510678147529
2020-05-05,0.8833987375973726
2020-05-06,0.858613143529769
2020-05-07,0.854593711863783
2020-05-08,0.8289137347849694
2020-05-09,0.6438036652540032
2020-05-10,0.7834108161694541
2020-05-11,0.8279014131436755
2020-05-12,0.8753307396681139
2020-05-13,0.8839444423265652
2020-05-14,0.8364948043435754
2020-05-15,0.8805219977728421
2020-05-16,0.8067039318394142
2020-05-17,0.7893559790743765
2020-05-18,0.8133160377111224
2020-05-19,0.8532402989177237
2020-05-20,0.8277048779303777
2020-05-21,0.8054320051980217
2020-05-22,0.7840800744964032
2020-05-23,0.8464833990278818
2020-05-24,0.8661100309233128
2020-05-25,0.8568159798167347
2020-05-26,0.8734166243911072
2020-05-27,0.8371773810742161
2020-05-28,0.7903338836258784
2020-05-29,0.9099926556505756
2020-05-30,0.8113402911101786
2020-05-31,0.8203994709636979
2020-06-01,0.821344969669332
2020-06-02,0.8270709938866578
2020-06-03,0.8555848968010467
2020-06-04,0.8019377742128109
2020-06-05,0.880852210205685
2020-06-06,0.7959697034710354
2020-06-07,0.8182255894639949
2020-06-08,0.8129559080313886
2020-06-09,0.8311895243181424
2020-06-10,0.8380483383282158
2020-06-11,0.7991575915670714
2020-06-12,0.8123786284254233
2020-06-13,0.7566049862995163
2020-06-14,0.7555692290452733
2020-06-15,0.7982870633466894
2020-06-16,0.8731237224023326
2020-06-17,0.8804567085570787
2020-06-18,0.8509223464555227
2020-06-19,0.8299348082072213
2020-06-20,0.6716386614547963
2020-06-21,0.7193173310290181
2020-06-22,0.6498556941516753
2020-06-23,0.7189066553028104
2020-06-24,0.707510046716761
2020-06-25,0.6824821008276601
2020-06-26,0.7051851268504885
2020-06-27,0.7266748069663098
2020-06-28,0.7429135736609677
2020-06-29,0.7342171912703868
2020-06-30,0.7967915622988386
2020-07-01,0.777770721186174
2020-07-02,0.7670185628925319
2020-07-03,0.7919038104761039
2020-07-04,0.7985759407401838
2020-07-05,0.8377174502332386
2020-07-06,0.8186709438272013
2020-07-07,0.8112463736439399
2020-07-08,0.7983929521999485
2020-07-09,0.7952451454360099
2020-07-10,0.8181966419731308
2020-07-11,0.797319513348807
2020-07-12,0.7844106413403573
2020-07-13,0.8439729874903179
2020-07-14,0.811474630443856
2020-07-15,0.8038740267615267
2020-07-16,0.8079561692195634
2020-07-17,0.8085519721667384
2020-07-18,0.7748716148089309
2020-07-19,0.7922496460985649
2020-07-20,0.8492852583052484
2020-07-21,0.8450670297021532
2020-07-22,0.8242034682895631
2020-07-23,0.8472341075336484
2020-07-24,0.8434327298631012
2020-07-25,0.8310324619638723
2020-07-26,0.854209035693912
2020-07-27,0.7813847600618581
2020-07-28,0.8191227149147249
2020-07-29,0.8302399129297968
2020-07-30,0.8364439860968493
2020-07-31,0.8660858965661626
2020-08-01,0.8688632752838948
2020-08-02,0.8656240233128736
2020-08-03,0.7203510569158209
2020-08-04,0.7744648509172201
2020-08-05,0.8189045160331813
2020-08-06,0.813877447400638
2020-08-07,0.8219417221857475
2020-08-08,0.8297069234446757
2020-08-09,0.7731077734367828
2020-08-10,0.7191711220663746
2020-08-11,0.7314194375839562
2020-08-12,0.764183053977392
2020-08-13,0.7924905965768985
2020-08-14,0.7426118388071834
2020-08-15,0.8108629221783096
2020-08-16,0.8043365430638612
2020-08-17,0.7807622918928632
2020-08-18,0.812148356936463
2020-08-19,0.8047589134135766
2020-08-20,0.8279560937327406
2020-08-21,0.8245549152940503
2020-08-22,0.8723068990008076
2020-08-23,0.8640231123236446
2020-08-24,0.8102050272509
2020-08-25,0.7738512840328586
2020-08-26,0.8188844568212638
2020-08-27,0.8114704166531003
2020-08-28,0.7710625582222026
2020-08-29,0.7545263848229444
2020-08-30,0.8042261409288063
2020-08-31,0.802789539307577
2020-09-01,0.8373802616030984
2020-09-02,0.8563719036259252
2020-09-03,0.843514369325837
2020-09-04,0.7756961615862055
2020-09-05,0.8323906582396154
2020-09-06,0.8113331264646808
2020-09-07,0.8686622752192859
2020-09-08,0.8320768506461043
2020-09-09,0.853543656128229
2020-09-10,0.8571614493814308
2020-09-11,0.817310125431605
2020-09-12,0.846942823724153
2020-09-13,0.8405344014686861
2020-09-14,0.7652320598770825
2020-09-15,0.8481600023624938
2020-09-16,0.8163235688712108
2020-09-17,0.8387090136510682
2020-09-18,0.7815174001097005
2020-09-19,0.8243402815640407
2020-09-20,0.8400599568350299
2020-09-21,0.8075056923282418
2020-09-22,0.8034142494337035
2020-09-23,0.8673104934648752
2020-09-24,0.8165213716810755
2020-09-25,0.8029262433251616
2020-09-26,0.8384999236368907
2020-09-27,0.8588217566031411
2020-09-28,0.8003203722139496
2020-09-29,0.851483681879741
2020-09-30,0.8302699331153943
2020-10-01,0.8617093870995534
2020-10-02,0.806231758304886
2020-10-03,0.8106380311108198
2020-10-04,0.8444165514482566
2020-10-05,0.7603445908641748
2020-10-06,0.8413223884674126
2020-10-07,0.8378937418351433
2020-10-08,0.8170109659083207
2020-10-09,0.8178187602523403
2020-10-10,0.7985253402070931
2020-10-11,0.8099346643564861
2020-10-12,0.8494488463182188
2020-10-13,0.8413552631694096
2020-10-14,0.7793077883276288
2020-10-15,0.8108548384159993
2020-10-16,0.818423042804655
2020-10-17,0.8184790144119899
2020-10-18,0.8178003210903889
2020-10-19,0.7372381636300778
2020-10-20,0.8051813247295603
2020-10-21,0.8432044010807751
2020-10-22,0.8598523142490471
2020-10-23,0.7572129747740017
2020-10-24,0.7769975849540193
2020-10-25,0.7672736252158209
2020-10-26,0.7983572315454868
2020-10-27,0.7856649589331768
2020-10-28,0.8010526038318004
2020-10-29,0.8010623934045391
2020-10-30,0.7352853650038378
2020-10-31,0.8001694526274554
2020-11-01,0.8292845306040378
2020-11-02,0.7801423639289566
2020-11-03,0.8630519138122168
2020-11-04,0.8341292173777319
2020-11-05,0.8552900523158371
2020-11-06,0.7535816538688841
2020-11-07,0.8235029049864043
2020-11-08,0.875963340330272
2020-11-09,0.8245996153442421
2020-11-10,0.813196531675412
2020-11-11,0.8601531413894903
2020-11-12,0.8034712923682825
2020-11-13,0.849384978767558
2020-11-14,0.7445951613246337
2020-11-15,0.8271637894944222
2020-11-16,0.8361421626137719
2020-11-17,0.827716613227345
2020-11-18,0.8475111853837687
2020-11-19,0.8318058315787065
2020-11-20,0.8134289077425834
2020-11-21,0.6660259944860182
2020-11-22,0.6317119730508634
2020-11-23,0.857794121174243
2020-11-24,0.8429621833053107
2020-11-25,0.8295902368788002
2020-11-26,0.788908349895444
2020-11-27,0.7861808743162246
2020-11-28,0.8602376969837396
2020-11-29,0.8313366600628386
2020-11-30,0.7760400413067414
2020-12-01,0.8356274700782025
2020-12-02,0.8356374950738783
2020-12-03,0.7811085967501521
2020-12-04,0.8161945939284927
2020-12-05,0.757651167762176
2020-12-06,0.7851366190617132
2020-12-07,0.7599639741618238
2020-12-08,0.7340429584653186
2020-12-09,0.8009568381510832
2020-12-10,0.8128674581537145
2020-12-11,0.7186517518958616
2020-12-12,0.7414765365471148
2020-12-13,0.7529216839394073
2020-12-14,0.812153803308439
2020-12-15,0.7613384817083005
2020-12-16,0.7179952134121068
2020-12-17,0.5604162934300729
2020-12-18,0.7084694145204302
2020-12-19,0.7290891504047654
2020-12-20,0.8306709130984354
2020-12-21,0.8098921784810478
2020-12-22,0.8043453831432178
2020-12-23,0.8142024534912569
2020-12-24,0.8316549747240807
2020-12-25,0.7069921688613167
2020-12-26,0.8740766511570531
2020-12-27,0.8573626533200034
2020-12-28,0.8319985468173838
2020-12-29,0.8148474806314525
2020-12-30,0.8217611339294968
2020-12-31,0.7953562263548198
2021-01-01,0.8398298319288314
2021-01-02,0.8800400326234847
2021-01-03,0.8416468832179989
2021-01-04,0.7810057199372205
2021-01-05,0.8348289026468959
2021-01-06,0.8202192783899165
2021-01-07,0.8756296106265493
2021-01-08,0.7746166040875864
2021-01-09,0.80068768332762
2021-01-10,0.8387842778826436
2021-01-11,0.8335248002944065
2021-01-12,0.8242126685450808
2021-01-13,0.8660759498207984
2021-01-14,0.85048039133876
2021-01-15,0.8811998685150881
2021-01-16,0.8657674065715633
2021-01-17,0.8678072676320012
2021-01-18,0.8610102523327074
2021-01-19,0.8683247907615635
2021-01-20,0.8420602035296375
2021-01-21,0.8212219858209611
2021-01-22,0.8717025219660466
2021-01-23,0.8546437825606072
2021-01-24,0.8187295081127721
2021-01-25,0.878745084175074
2021-01-26,0.8518954651146328
2021-01-27,0.8052892312326179
2021-01-28,0.8000649862584854
2021-01-29,0.801896540160999
2021-01-30,0.8493420296545865
2021-01-31,0.8473371947541088
2021-02-01,0.8086318948169289
2021-02-02,0.7618960896173365
2021-02-03,0.7908864668021083
2021-02-04,0.7956242902260842
2021-02-05,0.8345358162607631
2021-02-06,0.8615068434129458
2021-02-07,0.7734428793250531
2021-02-08,0.81931770163076
2021-02-09,0.7588704727617294
2021-02-10,0.8257547417529649
2021-02-11,0.8327431078225369
2021-02-12,0.8302660811713292
2021-02-13,0.8617071869817778
2021-02-14,0.8627677006954705
2021-02-15,0.8382948724798237
2021-02-16,0.8190670835738265
2021-02-17,0.828941252837336
2021-02-18,0.835200192730439
2021-02-19,0.7485446760017966
2021-02-20,0.715771502238637
2021-02-21,0.8131993335841351
2021-02-22,0.8455980045129454
2021-02-23,0.8786781340299852
2021-02-24,0.8403196109867928
2021-02-25,0.8726355633738917
2021-02-26,0.8395306344829037
2021-02-27,0.8205032929298105
2021-02-28,0.7811814076113665
2021-03-01,0.7910695038628951
2021-03-02,0.8819979188303156
2021-03-03,0.8434195185692198
2021-03-04,0.8664290862345967
2021-03-05,0.8455617617058376
2021-03-06,0.752622526149054
2021-03-07,0.8045131472232637
2021-03-08,0.8214842042290722
2021-03-09,0.8164144738609891
2021-03-10,0.776288978321382
2021-03-11,0.8061305870900028
2021-03-12,0.7943968174107697
2021-03-13,0.7602616191012007
2021-03-14,0.7557665945496584
2021-03-15,0.8364305925130979
2021-03-16,0.8596225221581383
2021-03-17,0.8305456272123012
2021-03-18,0.9013248489336537
2021-03-19,0.8555092243534872
2021-03-20,0.7982680420580439
2021-03-21,0.744072162168453
2021-03-22,0.8931804277671236
2021-03-23,0.891278233993025
2021-03-24,0.904152796031075
2021-03-25,0.8815846253044829
2021-03-26,0.8850916938863919
2021-03-27,0.8019199061537038
2021-03-28,0.911270906630582
2021-03-29,0.8861397184980891
2021-03-30,0.9076105425328675
2021-03-31,0.855635683371119
2021-04-01,0.8117147828321342
2021-04-02,0.8238231371143812
2021-04-03,0.8130302617509905
2021-04-04,0.8607035253806732
2021-04-05,0.8769033787414953
2021-04-06,0.8958099493799401
2021-04-07,0.8809589332822725
2021-04-08,0.8759510500774914
2021-04-09,0.8095815257798751
2021-04-10,0.7689586584564264
2021-04-11,0.7542572684605856
2021-04-12,0.8708268129288004
2021-04-13,0.8901998969636977
2021-04-14,0.8703057135158093
2021-04-15,0.8666216910386991
2021-04-16,0.8587141633288851
2021-04-17,0.761502269077508
2021-04-18,0.8064500667792954
2021-04-19,0.823930460492627
2021-04-20,0.8367273860995306
2021-04-21,0.8119561915491578
2021-04-22,0.7138420423605895
2021-04-23,0.811772473917781
2021-04-24,0.7077698360316882
2021-04-25,0.7737916441905733
2021-04-26,0.7679497441995525
2021-04-27,0.8354195107963103
2021-04-28,0.8412702741197949
2021-04-29,0.7461720160745472
2021-04-30,0.7424908296332166
2021-05-01,0.8655040593038315
2021-05-02,0.7420230499012643
2021-05-03,0.8127799291207675
2021-05-04,0.8894671747763253
2021-05-05,0.844195401318502
2021-05-06,0.8643967938456163
2021-05-07,0.8436408039919472
2021-05-08,0.7590193208625566
2021-05-09,0.7940718388075476
2021-05-10,0.8194293659849405
2021-05-11,0.8124536150657435
2021-05-12,0.7679900663469494
2021-05-13,0.7930871734544411
2021-05-14,0.8074948045005432
2021-05-15,0.8334016051940522
2021-05-16,0.8358489582275144
2021-05-17,0.7866801245894663
2021-05-18,0.898143523605158
2021-05-19,0.8242656898531342
2021-05-20,0.7014891888910071
2021-05-21,0.7284276297671493
2021-05-22,0.8398770487865547
2021-05-23,0.7880199432562923
2021-05-24,0.947250738705384
2021-05-25,0.9289281967043791
2021-05-26,0.8634065650071373
2021-05-27,0.8206419622228743
2021-05-28,0.8488214094886888
2021-05-29,0.7349397872322456
2021-05-30,0.7676636890890612
2021-05-31,0.887298481400117
2021-06-01,0.8973567076562624
2021-06-02,0.8240416595813276
2021-06-03,0.8758433276761037
2021-06-04,0.8415774320321396
2021-06-05,0.8934660752397307
2021-06-06,0.7612712157467113
2021-06-07,0.8920850427040803
2021-06-08,0.8012414109737194
2021-06-09,0.8365365895973578
2021-06-10,0.8157255522340209
2021-06-11,0.8760587951582641
2021-06-12,0.8074717619459898
2021-06-13,0.8085949231433135
2021-06-14,0.818472294997889
2021-06-15,0.8201799041718052
2021-06-16,0.8569929712304329
2021-06-17,0.8564716337653209
2021-06-18,0.8536195530603667
2021-06-19,0.8074442131495281
2021-06-20,0.8256927120998879
2021-06-21,0.8512081253178507
2021-06-22,0.8527174579293557
2021-06-23,0.8598981132641015
2021-06-24,0.8793514639774305
2021-06-25,0.8690892145429869
2021-06-26,0.7056441729281979
2021-06-27,0.906637754039337
2021-06-28,0.8621059736029998
2021-06-29,0.8203482925470051
2021-06-30,0.8263003407685261
2021-07-01,0.8497657284303014
2021-07-02,0.862084703861389
2021-07-03,0.8900090043774062
2021-07-04,0.850238114822384
2021-07-05,0.9023632953762516
2021-07-06,0.8417101032269454
2021-07-07,0.8236383057700435
2021-07-08,0.847723289010911
2021-07-09,0.8564110906032402
2021-07-10,0.8593117856349891
2021-07-11,0.8759878247463845
2021-07-12,0.8432871547599805
2021-07-13,0.8676442189623876
2021-07-14,0.8689028415764395
2021-07-15,0.8575287832846186
2021-07-16,0.7777877962432459
2021-07-17,0.7063770700145596
2021-07-18,0.721275852967436
2021-07-19,0.8431923748038943
2021-07-20,0.8674883131187465
2021-07-21,0.8746784411047865
2021-07-22,0.8122503723027692
2021-07-23,0.8163778976320692
2021-07-24,0.7352895643911318
2021-07-25,0.8155942724171464
2021-07-26,0.7994838828757844
2021-07-27,0.8430466736458242
2021-07-28,0.816722356454592
2021-07-29,0.8022754977318489
2021-07-30,0.8181161604855283
2021-07-31,0.8087274409436057
2021-08-01,0.7795862379190808
2021-08-02,0.7460412551861522
2021-08-03,0.7700422064458232
2021-08-04,0.8231425211735772
2021-08-05,0.8329428066450681
2021-08-06,0.8560929823643383
2021-08-07,0.8277500727429745
2021-08-08,0.9429327409607752
2021-08-09,0.8472235090224025
2021-08-10,0.8424579947466383
2021-08-11,0.8536567634436946
2021-08-12,0.8294038994447803
2021-08-13,0.8372301815390237
2021-08-14,0.8631174738497698
2021-08-15,0.8210773567965824
2021-08-16,0.754688459026952
2021-08-17,0.7623943886455161
2021-08-18,0.8150673484846639
2021-08-19,0.8047819726452485
2021-08-20,0.7296560787553465
2021-08-21,0.7416143643366135
2021-08-22,0.785716474747876
2021-08-23,0.7908332795034144
2021-08-24,0.7649062266461761
2021-08-25,0.8028603965128782
2021-08-26,0.7846373419310979
2021-08-27,0.7246670351942979
2021-08-28,0.7183243781505844
2021-08-29,0.911965618358112
2021-08-30,0.7946974197861851
2021-08-31,0.811414313430372
2021-09-01,0.8267162617568133
2021-09-02,0.8232404340857911
2021-09-03,0.7761007058770584
2021-09-04,0.784566161538469
2021-09-05,0.7768688217468644
2021-09-06,0.7908398109810107
2021-09-07,0.8013984634899738
2021-09-08,0.8396130637623698
2021-09-09,0.8104019457955833
2021-09-10,0.8074298514538085
2021-09-11,0.7841392803198904
2021-09-12,0.8147698719369926
2021-09-13,0.7878513620941556
2021-09-14,0.7793869859155821
2021-09-15,0.7946130860534373
2021-09-16,0.8825936352306151
2021-09-17,0.8400747453536397
2021-09-18,0.7933899031253204
2021-09-19,0.7906023542383697
2021-09-20,0.8195484758929998
2021-09-21,0.7869778411392241
2021-09-22,0.8008914271090941
2021-09-23,0.8080576958694686
2021-09-24,0.7885380536747073
2021-09-25,0.7460639938393787
2021-09-26,0.7171559492097674
2021-09-27,0.8381855300916072
2021-09-28,0.7883477146646491
2021-09-29,0.8420533698109732
2021-09-30,0.7964295183526102
2021-10-01,0.7255071394880048
2021-10-02,0.876130609678715
2021-10-03,0.9684579592658574
2021-10-04,0.8144132669982237
2021-10-05,0.795568327000753
2021-10-06,0.8627267286641327
2021-10-07,0.8497354908717039
2021-10-08,0.8304550808649604
2021-10-09,0.8005130608555825
2021-10-10,0.8477249589462896
2021-10-11,0.8136373293226966
2021-10-12,0.7986883044918206
2021-10-13,0.7961542751654433
2021-10-14,0.8512048558812069
2021-10-15,0.7961836281838073
2021-10-16,0.8459580593281568
2021-10-17,0.8716897855318306
2021-10-18,0.8023338468032634
2021-10-19,0.7964440862889346
2021-10-20,0.8312967564728595
2021-10-21,0.839869550773888
2021-10-22,0.8103499899747093
2021-10-23,0.7954583928402745
2021-10-24,0.7519642935091012
2021-10-25,0.8096475630803335
2021-10-26,0.8000226685062286
2021-10-27,0.7848770241511317
2021-10-28,0.8052465495282001
2021-10-29,0.8196916994198036
2021-10-30,0.8448422281462896
2021-10-31,0.8986362260884453
2021-11-01,0.796658314113227
2021-11-02,0.8144406203745687
2021-11-03,0.8297297938493324
2021-11-04,0.8041279675368318
2021-11-05,0.8233774791181194
2021-11-06,0.7438505976387231
2021-11-07,0.8143378369790027
2021-11-08,0.8195780702494582
2021-11-09,0.8154769954181026
2021-11-10,0.8441162937094733
2021-11-11,0.8311542071847178
2021-11-12,0.8006502667765414
2021-11-13,0.7430383847269442
2021-11-14,0.9585651402348072
2021-11-15,0.7790328607063168
2021-11-16,0.7666909723375186
2021-11-17,0.7812215024852802
2021-11-18,0.7650475239704558
2021-11-19,0.7237002912342192
2021-11-20,0.7448259354473703
2021-11-21,0.768432344057991
2021-11-22,0.7575097917055736
2021-11-23,0.7913531925046968
2021-11-24,0.7757509213134414
2021-11-25,0.8311709090397361
2021-11-26,0.7567268274561694
2021-11-27,0.7906712377257559
2021-11-28,0.7882788471607591
2021-11-29,0.7514813180501845
2021-11-30,0.7472826108841266
2021-12-01,0.7660081937537407
2021-12-02,0.7540771070976531
2021-12-03,0.7436038122425017
2021-12-04,0.7164551161618475
2021-12-05,0.7200377939460647
2021-12-06,0.7598212511490667
2021-12-07,0.6675218456854781
2021-12-08,0.8084822053884309
2021-12-09,0.8162678179772977
2021-12-10,0.7482261480414922
2021-12-11,0.7523089774125455
2021-12-12,0.7856607343179032
2021-12-13,0.8005742534857402
2021-12-14,0.7650224136590824
2021-12-15,0.797166859753137
2021-12-16,0.790535845685751
2021-12-17,0.7384530091513932
2021-12-18,0.7457578305181584
2021-12-19,0.8020798494983278
2021-12-20,0.8311014727240786
2021-12-21,0.8146003861092486
2021-12-22,0.844685060825668
2021-12-23,0.8117579135220302
2021-12-24,0.7567835309978541
2021-12-25,0.8231006926398343
2021-12-26,0.849706566260862
2021-12-27,0.8113276876878297
2021-12-28,0.8291020857663218
2021-12-29,0.8443651646320017
2021-12-30,0.8145983127916329
2021-12-31,0.8119182462467995
2022-01-01,0.8009580219220447
2022-01-02,0.7906827712958892
2022-01-03,0.7981454342899356
2022-01-04,0.7850121502393832
2022-01-05,0.7430074073075428
2022-01-06,0.7328451693853052
2022-01-07,0.6912681368547366
2022-01-08,0.7187762793549919
2022-01-09,0.7349817845278687
2022-01-10,0.7539280068691332
2022-01-11,0.7482169454241893
2022-01-12,0.7651415437191995
2022-01-13,0.8100330647746834
2022-01-14,0.8430175577767696
2022-01-15,0.776752759127278
2022-01-16,0.7691150042341545
2022-01-17,0.7822856290835037
2022-01-18,0.7993267291259154
2022-01-19,0.8263200936464613
2022-01-20,0.7853525789451753
2022-01-21,0.7816766336704095
2022-01-22,0.8172887874794943
2022-01-23,0.7902475041287884
2022-01-24,0.7873653657550805
2022-01-25,0.865117017403213
2022-01-26,0.8350123297113561
2022-01-27,0.8221743696268448
2022-01-28,0.8435892298984342
2022-01-29,0.4847942112135827
2022-01-30,0.6161190166453655
2022-01-31,0.7839470335144261
2022-02-01,0.8018205297177964
2022-02-02,0.8348925412746165
2022-02-03,0.8200265514450247
2022-02-04,0.7417671037665907
2022-02-05,0.7001571189317727
2022-02-06,0.7677739784657669
2022-02-07,0.824398909091933
2022-02-08,0.8269210327147511
2022-02-09,0.8323311341355444
2022-02-10,0.83615385871235
2022-02-11,0.822779400881877
2022-02-12,0.7947346040112241
2022-02-13,0.7819897725976959
2022-02-14,0.7812929203905119
2022-02-15,0.841650544095547
2022-02-16,0.8228530222115384
2022-02-17,0.8284373123110387
2022-02-18,0.8245613628919122
2022-02-19,0.7814900287259791
2022-02-20,0.8359826915783004
2022-02-21,0.8334220822691587
2022-02-22,0.8290812443185436
2022-02-23,0.8300638671840185
2022-02-24,0.8387902328873398
2022-02-25,0.7226007646549896
2022-02-26,0.719883093408929
2022-02-27,0.7956567802845254
2022-02-28,0.8075446706008802
2022-03-01,0.8166134369368345
2022-03-02,0.8108436793402172
2022-03-03,0.777913287100696
2022-03-04,0.825831540508083
2022-03-05,0.8100295688260092
2022-03-06,0.8261992579004035
2022-03-07,0.8124372913346275
2022-03-08,0.8583105104839941
2022-03-09,0.8327896826777886
2022-03-10,0.8231745483742312
2022-03-11,0.7783036852861531
2022-03-12,0.7885227484959788
2022-03-13,0.867163920082723
2022-03-14,0.8414972243589509
2022-03-15,0.8111939752102979
2022-03-16,0.8003936039678604
2022-03-17,0.8230372742412158
2022-03-18,0.7684074293121299
2022-03-19,0.8021656138537637
2022-03-20,0.8401157906095724
2022-03-21,0.8200114734149471
2022-03-22,0.8611344974147548
2022-03-23,0.8133012943479321
2022-03-24,0.8438883793758829
2022-03-25,0.8037947064806279
2022-03-26,0.7904990312380179
2022-03-27,0.8267477596194638
2022-03-28,0.7677786888406948
2022-03-29,0.8216141355579478
2022-03-30,0.7790030936079668
2022-03-31,0.7797025662146595
2022-04-01,0.7242501151049046
2022-04-02,0.7727902676879526
2022-04-03,0.8393179193094086
2022-04-04,0.7784067232367483
2022-04-05,0.8276342971634693
2022-04-06,0.8331120164043049
2022-04-07,0.8707874189386136
2022-04-08,0.8267183891422216
2022-04-09,0.8215009100819481
2022-04-10,0.8455438678165453
2022-04-11,0.8597266257363311
2022-04-12,0.834077849421452
2022-04-13,0.859474851494463
2022-04-14,0.8431214112766718
2022-04-15,0.817753196112583
2022-04-16,0.8413071663515783
2022-04-17,0.8267514047557212
2022-04-18,0.8047390366179159
2022-04-19,0.8315897485411377
2022-04-20,0.8287512117527289
2022-04-21,0.8626175767422681
2022-04-22,0.8553210870568551
2022-04-23,0.8147680003677061
2022-04-24,0.8597219385550782
2022-04-25,0.8555050027937348
2022-04-26,0.8441763133187921
2022-04-27,0.8550851058348186
2022-04-28,0.8412282003151361
2022-04-29,0.8437413844113407
2022-04-30,0.83320854096202
2022-05-01,0.7713258264827565
2022-05-02,0.7919655415434298
2022-05-03,0.7621122062427657
2022-05-04,0.8351266256966403
2022-05-05,0.8453989921693754
2022-05-06,0.8050973601221569
2022-05-07,0.8314080569373253
2022-05-08,0.8272525875627207
2022-05-09,0.8600813846931569
2022-05-10,0.782826866881646
2022-05-11,0.8121217472192614
2022-05-12,0.8457156280910066
2022-05-13,0.8274340808764621
2022-05-14,0.8103199182708164
2022-05-15,0.8330146991800322
2022-05-16,0.8173773000179374
2022-05-17,0.8211435102218496
2022-05-18,0.818809572501219
2022-05-19,0.8093716222432228
2022-05-20,0.8219506982136442
2022-05-21,0.7872811046198128
2022-05-22,0.7730638927586038
2022-05-23,0.8181350722467025
2022-05-24,0.8519511694701198
2022-05-25,0.7974864589798709
2022-05-26,0.8107767559412867
2022-05-27,0.8154540266591126
2022-05-28,0.7943819787573435
2022-05-29,0.8420229235043534
2022-05-30,0.8202076881614451
2022-05-31,0.829135588624309
2022-06-01,0.8336394492358294
2022-06-02,0.8278740720677156
2022-06-03,0.8328755911333139
2022-06-04,0.8041013308297287
2022-06-05,0.8257135222167449
2022-06-06,0.8547776374862577
2022-06-07,0.8438841958737793
2022-06-08,0.8110503246000176
2022-06-09,0.8109430947862344
2022-06-10,0.8394957386171757
2022-06-11,0.7974089725742272
2022-06-12,0.8115181893928827
2022-06-13,0.8591875266135607
2022-06-14,0.8320660339088213
2022-06-15,0.8405079846209722
2022-06-16,0.8460098550168896
2022-06-17,0.7831647638089422
2022-06-18,0.8193423283457157
2022-06-19,0.8388699167586038
2022-06-20,0.9063965742335037
2022-06-21,0.9000229800050626
2022-06-22,0.8769504137578784
2022-06-23,0.8155496943244641
2022-06-24,0.8930000920215285
2022-06-25,0.5964182525753797
2022-06-26,0.6513624920541132
2022-06-27,0.9754742074649962
2022-06-28,0.9270950672620168
2022-06-29,0.977807668072227
2022-06-30,0.9023868266841684
2022-07-01,0.9182343649189837
2022-07-02,0.7975203690949174
2022-07-03,0.8159908268056826
2022-07-04,0.8126990954111954
2022-07-05,0.8319250844440351
2022-07-06,0.8374351521715313
2022-07-07,0.6687242586822033
2022-07-08,0.8176969953873799
2022-07-09,0.7619724106506354
2022-07-10,0.7857955558196186
2022-07-11,0.8103941164770734
2022-07-12,0.8068066671511384
2022-07-13,0.8169870976797131
2022-07-14,0.7603142699956782
2022-07-15,0.823519636223037
2022-07-16,0.7699404439001053
2022-07-17,0.8229793574577643
2022-07-18,0.8305470695674068
2022-07-19,0.8030390279685546
2022-07-20,0.8179489230520083
2022-07-21,0.8107446755490354
2022-07-22,0.7750821585783976
2022-07-23,0.7678294386259454
2022-07-24,0.8044259447964202
2022-07-25,0.8280038690524257
2022-07-26,0.8036206032263669
2022-07-27,0.7949738683475482
2022-07-28,0.8203207916279429
2022-07-29,0.8768760936838271
2022-07-30,0.7952565429250257
2022-07-31,0.8002133326613178
2022-08-01,0.8066719357167345
2022-08-02,0.8156150069954684
2022-08-03,0.7679537040061324
2022-08-04,0.829810874212245
2022-08-05,0.7836159412169651
2022-08-06,0.7501020311610128
2022-08-07,0.816428790165913
2022-08-08,0.8143015881252412
2022-08-09,0.7819985600921637
2022-08-10,0.8194518877774146
2022-08-11,0.7181391165393178
2022-08-12,0.7885387961415173
2022-08-13,0.7379424408582927
2022-08-14,0.8297712361053995
2022-08-15,0.8090585028690994
2022-08-16,0.7867494787016729
2022-08-17,0.833237482338431
2022-08-18,0.8284998724403541
2022-08-19,0.803247108083402
2022-08-20,0.8022738285428285
2022-08-21,0.8431113874163605
2022-08-22,0.8139188870358376
2022-08-23,0.8222452410304493
2022-08-24,0.7916863139320349
2022-08-25,0.8203562132547946
2022-08-26,0.8342140739488555
2022-08-27,0.7773763080195732
2022-08-28,0.8044917622899249
2022-08-29,0.777439236702316
2022-08-30,0.8291770885588221
2022-08-31,0.8098032002137416
2022-09-01,0.8267598502459943
2022-09-02,0.8200464260825585
2022-09-03,0.7495238570564675
2022-09-04,0.7792764841305788
2022-09-05,0.8236080426552012
2022-09-06,0.8330150339849018
2022-09-07,0.8374175443014811
2022-09-08,0.8509187684450454
2022-09-09,0.8390169978003177
2022-09-10,0.8129924839640765
2022-09-11,0.7778723922524096
2022-09-12,0.8178116201379138
2022-09-13,0.8429908933295911
2022-09-14,0.8027423186516448
2022-09-15,0.8198111639995423
2022-09-16,0.8042719000623682
2022-09-17,0.7754030854613585
2022-09-18,0.8494636119619623
2022-09-19,0.7947892544310653
2022-09-20,0.7945874740954388
2022-09-21,0.8151514199307884
2022-09-22,0.8351555193593979
2022-09-23,0.7882901754966969
2022-09-24,0.7815986370452476
2022-09-25,0.7762092251036125
2022-09-26,0.7895266927845137
2022-09-27,0.7986962300674101
2022-09-28,0.8129290439255237
2022-09-29,0.797340195891868
2022-09-30,0.8118785121517552
2022-10-01,0.7854764484339566
2022-10-02,0.8102564005351096
2022-10-03,0.8270001653545698
2022-10-04,0.7965778587448513
2022-10-05,0.8407421124561031
2022-10-06,0.8175410597302892
2022-10-07,0.8122177370866965
2022-10-08,0.803853575796628
2022-10-09,0.8304962769597102
2022-10-10,0.8372414731805262
2022-10-11,0.8062425431802582
2022-10-12,0.8266717206113838
2022-10-13,0.8044405229626455
2022-10-14,0.7962154311894931
2022-10-15,0.811054735042992
2022-10-16,0.8178558438284702
2022-10-17,0.8575909309878447
2022-10-18,0.8259386347251396
2022-10-19,0.815078242281166
2022-10-20,0.8201433682423136
2022-10-21,0.8190512234840126
2022-10-22,0.7983321839408803
2022-10-23,0.8336365705026153
2022-10-24,0.7926987413139606
2022-10-25,0.7894436288608497
2022-10-26,0.8119973032915695
2022-10-27,0.8190553205130351
2022-10-28,0.8371432300048964
2022-10-29,0.8016801602280611
2022-10-30,0.8451342351801028
2022-10-31,0.8425991556739463
2022-11-01,0.820118639732909
2022-11-02,0.8437330870978699
2022-11-03,0.82229491498755
2022-11-04,0.8419963609800469
2022-11-05,0.7821803178022672
2022-11-06,0.8111556741764706
2022-11-07,0.8128095368871986
2022-11-08,0.8278456985544964
2022-11-09,0.8044101700761068
2022-11-10,0.8440692079911443
2022-11-11,0.845790480433533
2022-11-12,0.8309149662575143
2022-11-13,0.8241149671912921
2022-11-14,0.8106538913932873
2022-11-15,0.8437559910919956
2022-11-16,0.8401232545569371
2022-11-17,0.8145518420530535
2022-11-18,0.8186491452906884
2022-11-19,0.8177364860339678
2022-11-20,0.8045821814721065
2022-11-21,0.837053533383481
2022-11-22,0.8239128476994416
2022-11-23,0.7967452724573525
2022-11-24,0.8029751869426209
2022-11-25,0.8040606961719801
2022-11-26,0.8019878599357698
2022-11-27,0.7967908164054847
2022-11-28,0.8173306273229612
2022-11-29,0.8332563686927139
2022-11-30,0.8333682214956256
2022-12-01,0.8381352420483184
2022-12-02,0.8465801858749231
2022-12-03,0.7980684837404897
2022-12-04,0.8453641191227056
2022-12-05,0.8143156255349254
2022-12-06,0.820360614117507
2022-12-07,0.8061390735305025
2022-12-08,0.7853839853493887
2022-12-09,0.8408741550926708
2022-12-10,0.7802694595992767
2022-12-11,0.7375539832673313
2022-12-12,0.7518085642401653
2022-12-13,0.7939386977734243
2022-12-14,0.7964419857763487
2022-12-15,0.8006920576497851
2022-12-16,0.76681454913418
2022-12-17,0.7797592009659282
2022-12-18,0.7766773435495167
2022-12-19,0.8006116025656103
2022-12-20,0.8197756469420479
2022-12-21,0.8025767195895042
2022-12-22,0.7863803502000241
2022-12-23,0.790206262835002
2022-12-24,0.7991762613535793
2022-12-25,0.7655938482862396
2022-12-26,0.8353352206621569
2022-12-27,0.7832463071783515
2022-12-28,0.8358410881197442
2022-12-29,0.829310907113088
2022-12-30,0.8302439779260385
2022-12-31,0.7867957999847806
2023-01-01,0.8426093618234163
2023-01-02,0.8284637923209821
2023-01-03,0.8353960317290593
2023-01-04,0.8651429930171788
2023-01-05,0.8243802028580837
2023-01-06,0.8090843803604502
2023-01-07,0.8563246314590945
2023-01-08,0.8437162512170632
2023-01-09,0.8513324923217449
2023-01-10,0.8082910780546687
2023-01-11,0.81443644192436
2023-01-12,0.8043130175151807
2023-01-13,0.8154887224401463
2023-01-14,0.8145319309410564
2023-01-15,0.8719310722086019
2023-01-16,0.7866944414762329
2023-01-17,0.8311530071140694
2023-01-18,0.8432523203685396
2023-01-19,0.8194046649751476
2023-01-20,0.7981065213454248
2023-01-21,0.7722703522704574
2023-01-22,0.8183470539444967
2023-01-23,0.7637904567014586
2023-01-24,0.8374382799321535
2023-01-25,0.8198880989609585
2023-01-26,0.7666976985440498
2023-01-27,0.8033964332532643
2023-01-28,0.7085745939860928
2023-01-29,0.8383490893741918
2023-01-30,0.8543802322673978
2023-01-31,0.8213621546623938
2023-02-01,0.8149762403759064
2023-02-02,0.7970025049999144
2023-02-03,0.8089406757109306
2023-02-04,0.7451682857126734
2023-02-05,0.7745140351923715
2023-02-06,0.7949213949882572
2023-02-07,0.8589327791340877
2023-02-08,0.8653936899171465
2023-02-09,0.8467814952933292
2023-02-10,0.7971184430814406
2023-02-11,0.7926911863870305
2023-02-12,0.7889435162458255
2023-02-13,0.8330238395858179
2023-02-14,0.7828454605790598
2023-02-15,0.8440652771622288
2023-02-16,0.8187121262438072
2023-02-17,0.796315712261547
2023-02-18,0.8044956427240236
2023-02-19,0.8241820872831783
2023-02-20,0.7831902505257818
2023-02-21,0.7971602595155102
2023-02-22,0.8524481644933312
2023-02-23,0.8355655297282993
2023-02-24,0.8298298458787192
2023-02-25,0.7664485902374337
2023-02-26,0.8322374537822067
2023-02-27,0.7987122008077102
2023-02-28,0.8028437806825133
2023-03-01,0.7869060041726446
2023-03-02,0.8219004188163572
2023-03-03,0.8469611978468878
2023-03-04,0.8094772398496202
2023-03-05,0.8320346229335598
2023-03-06,0.8211165579710671
2023-03-07,0.8095347646505993
2023-03-08,0.7893181718761431
2023-03-09,0.848493030655483
2023-03-10,0.7873482492365803
2023-03-11,0.7926891983436475
2023-03-12,0.7985778019597677
2023-03-13,0.8123066819462459
2023-03-14,0.8207807469423194
2023-03-15,0.8023359823342181
2023-03-16,0.832540642712903
2023-03-17,0.817100102691869
2023-03-18,0.8152812897756465
2023-03-19,0.8045987741210822
2023-03-20,0.7395855706235013
2023-03-21,0.8242215385398222
2023-03-22,0.7827134316823432
2023-03-23,0.8323605212060888
2023-03-24,0.8388523016205902
2023-03-25,0.8109104806161942
2023-03-26,0.8265557693665194
2023-03-27,0.8206029137562112
2023-03-28,0.8457993345493879
2023-03-29,0.8104068794091803
2023-03-30,0.785599317037278
2023-03-31,0.8102954179224002
2023-04-01,0.7717193111959452
2023-04-02,0.7304971206216255
2023-04-03,0.8564307693110863
2023-04-04,0.797684966366603
2023-04-05,0.7888031938047403
2023-04-06,0.8349510813622414
2023-04-07,0.8193712736469152
2023-04-08,0.8147539037033489
2023-04-09,0.8512044060479754
2023-04-10,0.8254347291828001
2023-04-11,0.836673431433608
2023-04-12,0.8392714397443362
2023-04-13,0.7661856756852847
2023-04-14,0.8081590420358484
2023-04-15,0.7876202719112844
2023-04-16,0.8466858104021633
2023-04-17,0.8086052681754018
2023-04-18,0.8524055913522683
2023-04-19,0.8311796697828675
2023-04-20,0.8455940329298457
2023-04-21,0.806407320214853
2023-04-22,0.8027389301799607
2023-04-23,0.8173718821000474
2023-04-24,0.8477139088434962
2023-04-25,0.852916075295246
2023-04-26,0.8526767655122067
2023-04-27,0.8405017684845826
2023-04-28,0.8173909872226195
2023-04-29,0.8313478205159807
2023-04-30,0.8037864102117426
2023-05-01,0.8184766161199579
2023-05-02,0.818282683327331
2023-05-03,0.8292154471266102
2023-05-04,0.8449734872435053
2023-05-05,0.84418927823337
2023-05-06,0.806281652376098
2023-05-07,0.8404491742475461
2023-05-08,0.8634360908524688
2023-05-09,0.8067895116829216
2023-05-10,0.8513840123335565
2023-05-11,0.8407460742898449
2023-05-12,0.8513168096368943
2023-05-13,0.8301880463265351
2023-05-14,0.837221962311816
2023-05-15,0.8206288211998414
2023-05-16,0.7951098102200114
2023-05-17,0.8018725373229905
2023-05-18,0.850088155958195
2023-05-19,0.8278508111326381
2023-05-20,0.8165682013317963
2023-05-21,0.8297263685991848
2023-05-22,0.8201992859566746
2023-05-23,0.8567729205674199
2023-05-24,0.8447896689303867
2023-05-25,0.840580187624199
2023-05-26,0.8370979712177482
2023-05-27,0.8488714495545063
2023-05-28,0.824208249541121
2023-05-29,0.8474017805112898
2023-05-30,0.8087698716955081
2023-05-31,0.7968413676463016
2023-06-01,0.8040691077265965
2023-06-02,0.8142060188157915
2023-06-03,0.8024300646563436
2023-06-04,0.8158737575502998
2023-06-05,0.8380448658849495
2023-06-06,0.8421305760980072
2023-06-07,0.7973956379157026
2023-06-08,0.8269784493161871
2023-06-09,0.8500685219009497
2023-06-10,0.8151733819195232
2023-06-11,0.8580387668963847
2023-06-12,0.7717003255393777
2023-06-13,0.7657755976630934
2023-06-14,0.792313195494005
2023-06-15,0.7735773864360878
2023-06-16,0.7724081577413453
2023-06-17,0.8267041406852764
2023-06-18,0.8141181440480637
2023-06-19,0.8331482386524338
2023-06-20,0.8130463239851378
2023-06-21,0.8073269385839512
2023-06-22,0.7754980155427832
2023-06-23,0.814738209843713
2023-06-24,0.7959633191154422
2023-06-25,0.799926525463704
2023-06-26,0.8528380961356712
2023-06-27,0.8290663477440994
2023-06-28,0.8069407608913338
2023-06-29,0.8084064468506693
2023-06-30,0.8062973364036119
2023-07-01,0.8064215634619525
2023-07-02,0.8371181188956618
2023-07-03,0.8210813574721906
2023-07-04,0.852260867770098
2023-07-05,0.8221036755154914
2023-07-06,0.8381620314013365
2023-07-07,0.816312830318118
2023-07-08,0.827091934669252
2023-07-09,0.8050355759450074
2023-07-10,0.8219883400263088
2023-07-11,0.8049426292251087
2023-07-12,0.8242735204635672
2023-07-13,0.8304999190978155
2023-07-14,0.8052546846273929
2023-07-15,0.6808890155417566
2023-07-16,0.6934522042258956
2023-07-17,0.8737504893975945
2023-07-18,0.937994105036454
2023-07-19,0.853491057705075
2023-07-20,0.8575164807718699
2023-07-21,0.7787792020906408
2023-07-22,0.9383384805132248
2023-07-23,0.8681099807437633
2023-07-24,0.8360052663846453
2023-07-25,0.8442188791667493
2023-07-26,0.8669087931642943
2023-07-27,0.8140095565766376
2023-07-28,0.7800676486796855
2023-07-29,0.75413013223159
2023-07-30,0.8134462693213965
2023-07-31,0.7665538253552688
2023-08-01,0.7890207395919638
2023-08-02,0.7799944103336287
2023-08-03,0.7368289468969288
2023-08-04,0.7402676468949294
2023-08-05,0.7676040209204577
2023-08-06,0.8012909845435083
2023-08-07,0.8181846990202504
2023-08-08,0.7364740637674252
2023-08-09,0.7475867759467811
2023-08-10,0.7800318647946136
2023-08-11,0.7862958668632481
2023-08-12,0.7643749116870439
2023-08-13,0.8105147228016436
2023-08-14,0.7566887843279294
2023-08-15,0.801852073428544
2023-08-16,0.7896291339315646
2023-08-17,0.8054009428677538
2023-08-18,0.7764329220725414
2023-08-19,0.7469042955220238
2023-08-20,0.7831290723855918
2023-08-21,0.8040168909668333
2023-08-22,0.8061489192369501
2023-08-23,0.8104696091294395
2023-08-24,0.7697987093289432
2023-08-25,0.7898910509918042
2023-08-26,0.7633347134775859
2023-08-27,0.8119523737049917
2023-08-28,0.7579240160482916
2023-08-29,0.8283239970801834
2023-08-30,0.815523117481522
2023-08-31,0.7822754985843958
2023-09-01,0.7955638469842241
2023-09-02,0.8206913880027241
2023-09-03,0.7918829823177447
2023-09-04,0.7965896495900953
2023-09-05,0.8323463933098733
2023-09-06,0.8002890414354042
2023-09-07,0.7520294756094109
2023-09-08,0.773622901996784
2023-09-09,0.7747186112717787
2023-09-10,0.7202202308069057
2023-09-11,0.7576225495003408
2023-09-12,0.7510669216722914
2023-09-13,0.7613915229715791
2023-09-14,0.7835728440824408
2023-09-15,0.7281908247584956
2023-09-16,0.7699378632686996
2023-09-17,0.7035864422856036
2023-09-18,0.6814032131512828
2023-09-19,0.7086639850117766
2023-09-20,0.7503449466435783
2023-09-21,0.7618137722086834
2023-09-22,0.7018355166256587
2023-09-23,0.763163989213301
2023-09-24,0.7717638049406194
2023-09-25,0.7556289902986765
2023-09-26,0.7449299863927799
2023-09-27,0.7247068110323744
2023-09-28,0.7311816806230482
2023-09-29,0.7183994799770652
2023-09-30,0.7582222945535342
2023-10-01,0.7652641390677154
2023-10-02,0.7443927095126345
2023-10-03,0.808013587269288
2023-10-04,0.6936417692823421
2023-10-05,0.7442287902383807
2023-10-06,0.7278142330711066
2023-10-07,0.7646664598308394
2023-10-08,0.7922290342306082
2023-10-09,0.7606614711708944
2023-10-10,0.7635462994570645
2023-10-11,0.7745691437733201
2023-10-12,0.7833657510007539
2023-10-13,0.7567945605844313
2023-10-14,0.7556230321401831
2023-10-15,0.7996036414708557
2023-10-16,0.7951983075662212
2023-10-17,0.8048814068814006
2023-10-18,0.8306224712206758
2023-10-19,0.8003351187516705
2023-10-20,0.8412825770700543
2023-10-21,0.7072204775488693
2023-10-22,0.7926480714787401
2023-10-23,0.7927777399491875
2023-10-24,0.8264709053581976
2023-10-25,0.7828093248852324
2023-10-26,0.7945320535439541
2023-10-27,0.8132832413737687
2023-10-28,0.7475887889895604
2023-10-29,0.7581698331494426
2023-10-30,0.7795493811530614
2023-10-31,0.7469883685972043
2023-11-01,0.779688878708077
2023-11-02,0.7760708647103646
2023-11-03,0.8155281829947281
2023-11-04,0.8029412373647888
2023-11-05,0.8191997163016083
2023-11-06,0.7217999595292157
2023-11-07,0.7868116188432368
2023-11-08,0.7852453850159088
2023-11-09,0.804056716391553
2023-11-10,0.8256096971470819
2023-11-11,0.7928308540093149
2023-11-12,0.8338916703369609
2023-11-13,0.7711629451030675
2023-11-14,0.8348385612348035
2023-11-15,0.8024390855571757
2023-11-16,0.7717005156086767
2023-11-17,0.7922686629310587
2023-11-18,0.7866092483576788
2023-11-19,0.7481798712848678
2023-11-20,0.7925489321786394
2023-11-21,0.7324424852062781
2023-11-22,0.816852291933837
2023-11-23,0.8097633455973596
2023-11-24,0.8404115748052882
2023-11-25,0.7990790222895235
2023-11-26,0.778767886559281
2023-11-27,0.8692220122873613
2023-11-28,0.8876605941185525
2023-11-29,0.8366965279886843
2023-11-30,0.8621984930883493
2023-12-01,0.818123072742059
2023-12-02,0.795415504536516
2023-12-03,0.7136173963430251
2023-12-04,0.8323177668085686
2023-12-05,0.8308809848541976
2023-12-06,0.7387392090486706
2023-12-07,0.7511645866950063
2023-12-08,0.8123942196044839
2023-12-09,0.7299085500425281
2023-12-10,0.802485906129252
2023-12-11,0.7699407121283248
2023-12-12,0.7722475074130857
2023-12-13,0.7859845432070927
2023-12-14,0.7840693381924727
2023-12-15,0.7668722770737493
2023-12-16,0.7348801797815108
2023-12-17,0.7144753319159693
2023-12-18,0.6712106833374987
2023-12-19,0.7286308810727622
2023-12-20,0.8344923124086688
2023-12-21,0.8262397044694874
2023-12-22,0.7577948371635799
2023-12-23,0.7211135625108208
2023-12-24,0.7843088698272344
2023-12-25,0.7310458451888993
2023-12-26,0.7799176242359771
2023-12-27,0.8016507041628667
2023-12-28,0.8276702121658708
2023-12-29,0.801337091192734
2023-12-30,0.8252250467771938
2023-12-31,0.7778234933495435
2024-01-01,0.7571647551000348
2024-01-02,0.8284401670485695
2024-01-03,0.8675889610593459
2024-01-04,0.8720679692713134
2024-01-05,0.8564711588396101
2024-01-06,0.8236358244451538
2024-01-07,0.7968076605946973
2024-01-08,0.8617937798365201
2024-01-09,0.7434848394721412
2024-01-10,0.8675063634967012
2024-01-11,0.8680913921581146
2024-01-12,0.8439229735469566
2024-01-13,0.7472721236528858
2024-01-14,0.79047670546624
2024-01-15,0.7829140773390006
2024-01-16,0.8470050960093419
2024-01-17,0.8008285163113319
2024-01-18,0.8531246035591006
2024-01-19,0.816019151123494
2024-01-20,0.8128819508409277
2024-01-21,0.86329722406539
2024-01-22,0.9098784611701636
2024-01-23,0.904822194959017
2024-01-24,0.8726268895414591
2024-01-25,0.8613686261698634
2024-01-26,0.8436212633751945
2024-01-27,0.8564317454223591
2024-01-28,0.8843998379137088
2024-01-29,0.7072572361322886
2024-01-30,0.725406727260286
2024-01-31,0.8342281289411699
2024-02-01,0.7058728835148482
2024-02-02,0.8104914845673645
2024-02-03,0.8152921984701829
2024-02-04,0.8186408879369549
2024-02-05,0.7859753831621743
2024-02-06,0.7880019075534905
2024-02-07,0.8396068965329455
2024-02-08,0.7978143975545707
2024-02-09,0.8286271123579291
2024-02-10,0.7959153450006308
2024-02-11,0.7874636836168466
2024-02-12,0.7924324327268994
2024-02-13,0.8171269222066784
2024-02-14,0.7978705534396588
2024-02-15,0.7435403275170129
2024-02-16,0.8058756928078682
2024-02-17,0.6825374822722835
2024-02-18,0.6211474976185877
2024-02-19,0.8091999181695453
2024-02-20,0.8204022678662083
2024-02-21,0.8516833246245293
2024-02-22,0.7902975309812099
2024-02-23,0.7610980663803576
2024-02-24,0.8112387445674462
2024-02-25,0.8111111695862033
2024-02-26,0.8116071594104863
2024-02-27,0.7456986449522535
2024-02-28,0.7614890196934555
2024-02-29,0.7925949949145308
2024-03-01,0.7686843592001682
2024-03-02,0.849321527255978
2024-03-03,0.7325044841851202
2024-03-04,0.7575311302062707
2024-03-05,0.7994820986424029
2024-03-06,0.7933179328867048
2024-03-07,0.7566121834617665
2024-03-08,0.7733324395478764
2024-03-09,0.7471684078186109
2024-03-10,0.8227238204857191
2024-03-11,0.7941154786536904
2024-03-12,0.7666480181544957
2024-03-13,0.7997174412475421
2024-03-14,0.7895697415100158
2024-03-15,0.7718893895591964
2024-03-16,0.7863477337787654
2024-03-17,0.8009296577064394
2024-03-18,0.661811851155669
2024-03-19,0.7776420408723899
2024-03-20,0.7719717903910197
2024-03-21,0.8032485013689223
2024-03-22,0.724932165514363
2024-03-23,0.7618716616638173
2024-03-24,0.8238104508078913
2024-03-25,0.7704017917841162
2024-03-26,0.7626056499311914
2024-03-27,0.7754882702458394
2024-03-28,0.7942907976032058
2024-03-29,0.7764513557326744
2024-03-30,0.7376744584265027
2024-03-31,0.8206296272347163
2024-04-01,0.7824916110263676
2024-04-02,0.7322434858141234
2024-04-03,0.7556335813196462
2024-04-04,0.7568377846102321
2024-04-05,0.7716494736608437
2024-04-06,0.7388866410438324
2024-04-07,0.753763050006374
2024-04-08,0.6573428357176359
2024-04-09,0.773393093803755
2024-04-10,0.799157387892876
2024-04-11,0.7720589130584801
2024-04-12,0.7858998526049936
2024-04-13,0.7758388459022061
2024-04-14,0.7735101581973587
2024-04-15,0.746114511554654
2024-04-16,0.7568745509365725
2024-04-17,0.7672346928153744
2024-04-18,0.6884301489244595
2024-04-19,0.6895257940851451
2024-04-20,0.8219409471524037
2024-04-21,0.808622892124221
2024-04-22,0.7550691318922984
2024-04-23,0.7768399864284865
2024-04-24,0.8085279327034567
2024-04-25,0.8094486522324409
2024-04-26,0.802329326477795
2024-04-27,0.8080099215670872
2024-04-28,0.8057252790580708
2024-04-29,0.833180029092356
2024-04-30,0.7407495533890411
2024-05-01,0.790269876194333
2024-05-02,0.7601888059766038
2024-05-03,0.7715113406563463
2024-05-04,0.7749743108629543
2024-05-05,0.8362352203353032
2024-05-06,0.7579114050856431
2024-05-07,0.7556457328633254
2024-05-08,0.7398592066996532
2024-05-09,0.7640326411567011
2024-05-10,0.7444666190894045
2024-05-11,0.827722474721712
2024-05-12,0.8137390514596233
2024-05-13,0.8028217821220067
2024-05-14,0.7955207893925764
2024-05-15,0.7960668193918476
2024-05-16,0.7050331844279265
2024-05-17,0.7509384941520771
2024-05-18,0.8449439354149927
2024-05-19,0.8365413706581684
2024-05-20,0.7661248047040432
2024-05-21,0.737411117461495
2024-05-22,0.794512061247294
2024-05-23,0.7588205163838441
2024-05-24,0.7926386216590212
2024-05-25,0.8293455020402138
2024-05-26,0.8185040927209972
2024-05-27,0.8877854762647359
2024-05-28,0.7479624212880549
