datetime,precip,precipcover,preciptype,snow,snowdepth
2016-01-01,0.0,0.0,,0.0,0.1
2016-01-02,0.0,0.0,,0.0,0.0
2016-01-03,0.0,0.0,,0.0,0.0
2016-01-04,0.0,0.0,,0.0,0.0
2016-01-05,0.0,0.0,,0.0,0.1
2016-01-06,0.0,0.0,,0.0,0.2
2016-01-07,0.0,0.0,,0.0,0.2
2016-01-08,0.0,0.0,,0.0,0.1
2016-01-09,0.011,4.17,rain,0.0,0.1
2016-01-10,1.381,54.17,rain,0.0,0.0
2016-01-11,0.0,0.0,,0.0,0.0
2016-01-12,0.083,8.33,"rain,snow",0.3,0.1
2016-01-13,0.0,0.0,"rain,snow",0.2,0.3
2016-01-14,0.0,0.0,,0.0,0.4
2016-01-15,0.0,0.0,,0.0,0.3
2016-01-16,1.21,50.0,"rain,snow",0.0,0.5
2016-01-17,0.077,12.5,"rain,snow",0.6,0.4
2016-01-18,0.112,20.83,"rain,snow",0.8,1.1
2016-01-19,0.0,0.0,,0.0,0.7
2016-01-20,0.0,0.0,,0.0,0.6
2016-01-21,0.0,0.0,,0.0,0.4
2016-01-22,0.0,0.0,,0.0,0.4
2016-01-23,0.339,29.17,"rain,snow",0.8,0.6
2016-01-24,0.0,0.0,snow,0.9,1.8
2016-01-25,0.0,0.0,,0.0,1.7
2016-01-26,0.0,0.0,,0.0,1.5
2016-01-27,0.0,0.0,,0.0,1.0
2016-01-28,0.0,0.0,,0.0,0.6
2016-01-29,0.0,0.0,,0.0,0.6
2016-01-30,0.0,0.0,,0.0,0.6
2016-01-31,0.0,0.0,,0.0,0.6
2016-02-01,0.0,0.0,,0.0,0.3
2016-02-02,0.0,0.0,,0.0,0.0
2016-02-03,0.374,29.17,rain,0.0,0.0
2016-02-04,0.001,4.17,rain,0.0,0.1
2016-02-05,0.991,75.0,"rain,snow",1.8,1.1
2016-02-06,0.0,0.0,snow,0.9,2.4
2016-02-07,0.0,0.0,,0.0,1.8
2016-02-08,0.294,50.0,snow,1.3,2.1
2016-02-09,0.011,4.17,snow,0.6,3.0
2016-02-10,0.0,0.0,"rain,snow",0.0,2.7
2016-02-11,0.005,4.17,snow,0.0,2.3
2016-02-12,0.0,0.0,,0.0,2.2
2016-02-13,0.0,0.0,,0.0,1.9
2016-02-14,0.0,0.0,,0.0,1.9
2016-02-15,0.229,16.67,"rain,snow",0.0,1.8
2016-02-16,0.673,58.33,"rain,snow",0.5,1.4
2016-02-17,0.0,0.0,,0.0,0.4
2016-02-18,0.0,0.0,,0.0,0.2
2016-02-19,0.0,0.0,,0.0,0.1
2016-02-20,0.011,4.17,rain,0.2,0.1
2016-02-21,0.0,0.0,,0.0,0.0
2016-02-22,0.0,0.0,,0.0,0.0
2016-02-23,0.0,0.0,,0.0,0.0
2016-02-24,0.56,79.17,rain,0.3,0.1
2016-02-25,0.802,45.83,rain,0.0,0.0
2016-02-26,0.0,0.0,,0.0,0.0
2016-02-27,0.0,0.0,,0.0,0.0
2016-02-28,0.0,0.0,,0.0,0.0
2016-02-29,0.0,0.0,,0.0,0.0
2016-03-01,0.0,0.0,,0.0,0.0
2016-03-02,0.378,37.5,rain,0.0,0.0
2016-03-03,0.0,0.0,,0.0,0.0
2016-03-04,0.011,4.17,"rain,snow",0.2,0.1
2016-03-05,0.0,0.0,snow,0.1,0.1
2016-03-06,0.0,0.0,,0.0,0.1
2016-03-07,0.0,0.0,,0.0,0.0
2016-03-08,0.0,0.0,,0.0,0.0
2016-03-09,0.0,0.0,,0.0,0.0
2016-03-10,0.379,45.83,rain,0.0,0.0
2016-03-11,0.095,25.0,rain,0.0,0.0
2016-03-12,0.0,0.0,,0.0,0.0
2016-03-13,0.0,0.0,,0.0,0.0
2016-03-14,0.171,25.0,rain,0.0,0.0
2016-03-15,1.162,83.33,rain,0.0,0.0
2016-03-16,0.038,8.33,rain,0.0,0.0
2016-03-17,0.081,16.67,rain,0.0,0.0
2016-03-18,0.029,8.33,rain,0.0,0.0
2016-03-19,0.0,0.0,,0.0,0.0
2016-03-20,0.0,0.0,"rain,snow",0.6,0.2
2016-03-21,0.248,45.83,"rain,snow",2.0,0.8
2016-03-22,0.0,0.0,,0.0,0.3
2016-03-23,0.002,8.33,rain,0.0,0.2
2016-03-24,0.0,0.0,,0.0,0.0
2016-03-25,0.158,29.17,rain,0.0,0.0
2016-03-26,0.0,0.0,,0.0,0.0
2016-03-27,0.0,0.0,,0.0,0.0
2016-03-28,0.419,41.67,rain,0.0,0.0
2016-03-29,0.0,0.0,,0.0,0.0
2016-03-30,0.0,0.0,,0.0,0.0
2016-03-31,0.0,0.0,,0.0,0.0
2016-04-01,0.047,8.33,rain,0.0,0.0
2016-04-02,0.319,33.33,rain,0.0,0.1
2016-04-03,0.483,25.0,"rain,snow",0.4,0.5
2016-04-04,0.398,50.0,"rain,snow",0.8,0.3
2016-04-05,0.0,0.0,snow,0.5,1.1
2016-04-06,0.0,0.0,,0.0,0.8
2016-04-07,1.009,50.0,rain,0.0,0.3
2016-04-08,0.0,0.0,,0.0,0.0
2016-04-09,0.0,0.0,,0.0,0.0
2016-04-10,0.0,0.0,,0.0,0.0
2016-04-11,0.011,4.17,rain,0.0,0.0
2016-04-12,0.19,16.67,rain,0.0,0.0
2016-04-13,0.0,0.0,,0.0,0.0
2016-04-14,0.0,0.0,,0.0,0.0
2016-04-15,0.0,0.0,,0.0,0.0
2016-04-16,0.0,0.0,,0.0,0.0
2016-04-17,0.0,0.0,,0.0,0.0
2016-04-18,0.0,0.0,,0.0,0.0
2016-04-19,0.019,8.33,rain,0.0,0.0
2016-04-20,0.0,0.0,,0.0,0.0
2016-04-21,0.0,0.0,,0.0,0.0
2016-04-22,0.0,0.0,,0.0,0.0
2016-04-23,0.095,41.67,rain,0.0,0.0
2016-04-24,0.0,0.0,,0.0,0.0
2016-04-25,0.0,0.0,,0.0,0.0
2016-04-26,0.254,12.5,rain,0.0,0.0
2016-04-27,0.0,0.0,,0.0,0.0
2016-04-28,0.0,0.0,,0.0,0.0
2016-04-29,0.0,0.0,,0.0,0.0
2016-04-30,0.0,0.0,,0.0,0.0
2016-05-01,0.095,16.67,rain,0.0,0.0
2016-05-02,0.376,29.17,rain,0.0,0.0
2016-05-03,0.105,33.33,rain,0.0,0.0
2016-05-04,0.449,25.0,rain,0.0,0.0
2016-05-05,0.126,29.17,rain,0.0,0.0
2016-05-06,0.081,16.67,rain,0.0,0.0
2016-05-07,0.024,8.33,rain,0.0,0.0
2016-05-08,0.021,8.33,rain,0.0,0.0
2016-05-09,0.0,0.0,,0.0,0.0
2016-05-10,0.0,0.0,,0.0,0.0
2016-05-11,0.0,0.0,,0.0,0.0
2016-05-12,0.0,0.0,,0.0,0.0
2016-05-13,0.089,16.67,rain,0.0,0.0
2016-05-14,0.024,12.5,rain,0.0,0.0
2016-05-15,0.0,0.0,,0.0,0.0
2016-05-16,0.0,0.0,,0.0,0.0
2016-05-17,0.0,0.0,,0.0,0.0
2016-05-18,0.0,0.0,,0.0,0.0
2016-05-19,0.0,0.0,,0.0,0.0
2016-05-20,0.023,4.17,rain,0.0,0.0
2016-05-21,0.0,0.0,,0.0,0.0
2016-05-22,0.0,0.0,,0.0,0.0
2016-05-23,0.0,0.0,,0.0,0.0
2016-05-24,0.247,20.83,rain,0.0,0.0
2016-05-25,0.0,0.0,,0.0,0.0
2016-05-26,0.0,0.0,,0.0,0.0
2016-05-27,0.0,0.0,,0.0,0.0
2016-05-28,0.0,0.0,,0.0,0.0
2016-05-29,0.0,0.0,,0.0,0.0
2016-05-30,1.128,45.83,rain,0.0,0.0
2016-05-31,0.0,0.0,,0.0,0.0
2016-06-01,0.0,0.0,,0.0,0.0
2016-06-02,0.0,0.0,,0.0,0.0
2016-06-03,0.0,0.0,,0.0,0.0
2016-06-04,0.0,0.0,,0.0,0.0
2016-06-05,0.89,45.83,rain,0.0,0.0
2016-06-06,0.0,0.0,,0.0,0.0
2016-06-07,0.141,8.33,rain,0.0,0.0
2016-06-08,0.004,4.17,rain,0.0,0.0
2016-06-09,0.0,0.0,,0.0,0.0
2016-06-10,0.0,0.0,,0.0,0.0
2016-06-11,0.018,4.17,rain,0.0,0.0
2016-06-12,0.0,0.0,,0.0,0.0
2016-06-13,0.0,0.0,,0.0,0.0
2016-06-14,0.0,0.0,,0.0,0.0
2016-06-15,0.0,0.0,,0.0,0.0
2016-06-16,0.0,0.0,,0.0,0.0
2016-06-17,0.001,4.17,rain,0.0,0.0
2016-06-18,0.106,4.17,rain,0.0,0.0
2016-06-19,0.0,0.0,,0.0,0.0
2016-06-20,0.0,0.0,,0.0,0.0
2016-06-21,0.082,8.33,rain,0.0,0.0
2016-06-22,0.003,4.17,rain,0.0,0.0
2016-06-23,0.0,0.0,,0.0,0.0
2016-06-24,0.0,0.0,,0.0,0.0
2016-06-25,0.0,0.0,,0.0,0.0
2016-06-26,0.0,0.0,,0.0,0.0
2016-06-27,0.0,0.0,,0.0,0.0
2016-06-28,0.077,4.17,rain,0.0,0.0
2016-06-29,0.051,20.83,rain,0.0,0.0
2016-06-30,0.0,0.0,,0.0,0.0
2016-07-01,0.209,12.5,rain,0.0,0.0
2016-07-02,0.0,0.0,,0.0,0.0
2016-07-03,0.0,0.0,,0.0,0.0
2016-07-04,0.0,0.0,,0.0,0.0
2016-07-05,0.24,25.0,rain,0.0,0.0
2016-07-06,0.0,0.0,,0.0,0.0
2016-07-07,0.0,0.0,,0.0,0.0
2016-07-08,0.023,8.33,rain,0.0,0.0
2016-07-09,0.058,8.33,rain,0.0,0.0
2016-07-10,0.137,20.83,rain,0.0,0.0
2016-07-11,0.0,0.0,,0.0,0.0
2016-07-12,0.0,0.0,,0.0,0.0
2016-07-13,0.0,0.0,,0.0,0.0
2016-07-14,0.001,4.17,rain,0.0,0.0
2016-07-15,0.0,0.0,,0.0,0.0
2016-07-16,0.0,0.0,,0.0,0.0
2016-07-17,0.0,0.0,,0.0,0.0
2016-07-18,0.011,4.17,rain,0.0,0.0
2016-07-19,0.0,0.0,,0.0,0.0
2016-07-20,0.0,0.0,,0.0,0.0
2016-07-21,0.0,0.0,,0.0,0.0
2016-07-22,0.001,4.17,rain,0.0,0.0
2016-07-23,0.0,0.0,,0.0,0.0
2016-07-24,0.0,0.0,,0.0,0.0
2016-07-25,0.0,0.0,,0.0,0.0
2016-07-26,0.0,0.0,,0.0,0.0
2016-07-27,0.0,0.0,,0.0,0.0
2016-07-28,0.0,0.0,,0.0,0.0
2016-07-29,0.071,25.0,rain,0.0,0.0
2016-07-30,0.021,4.17,rain,0.0,0.0
2016-07-31,0.209,29.17,rain,0.0,0.0
2016-08-01,0.002,4.17,rain,0.0,0.0
2016-08-02,0.052,29.17,rain,0.0,0.0
2016-08-03,0.0,0.0,,0.0,0.0
2016-08-04,0.0,0.0,,0.0,0.0
2016-08-05,0.0,0.0,,0.0,0.0
2016-08-06,0.018,4.17,rain,0.0,0.0
2016-08-07,0.0,0.0,,0.0,0.0
2016-08-08,0.0,0.0,,0.0,0.0
2016-08-09,0.0,0.0,,0.0,0.0
2016-08-10,0.238,25.0,rain,0.0,0.0
2016-08-11,0.0,0.0,,0.0,0.0
2016-08-12,0.011,4.17,rain,0.0,0.0
2016-08-13,0.028,4.17,rain,0.0,0.0
2016-08-14,0.514,29.17,rain,0.0,0.0
2016-08-15,0.0,0.0,,0.0,0.0
2016-08-16,0.004,4.17,rain,0.0,0.0
2016-08-17,0.0,0.0,,0.0,0.0
2016-08-18,0.0,0.0,,0.0,0.0
2016-08-19,0.0,0.0,,0.0,0.0
2016-08-20,0.0,0.0,,0.0,0.0
2016-08-21,0.0,0.0,,0.0,0.0
2016-08-22,0.866,20.83,rain,0.0,0.0
2016-08-23,0.0,0.0,,0.0,0.0
2016-08-24,0.0,0.0,,0.0,0.0
2016-08-25,0.0,0.0,,0.0,0.0
2016-08-26,0.021,4.17,rain,0.0,0.0
2016-08-27,0.0,0.0,,0.0,0.0
2016-08-28,0.0,0.0,,0.0,0.0
2016-08-29,0.0,0.0,,0.0,0.0
2016-08-30,0.0,0.0,,0.0,0.0
2016-08-31,0.0,0.0,,0.0,0.0
2016-09-01,0.034,25.0,rain,0.0,0.0
2016-09-02,0.0,0.0,,0.0,0.0
2016-09-03,0.0,0.0,,0.0,0.0
2016-09-04,0.0,0.0,,0.0,0.0
2016-09-05,0.094,25.0,rain,0.0,0.0
2016-09-06,0.168,45.83,rain,0.0,0.0
2016-09-07,0.037,12.5,rain,0.0,0.0
2016-09-08,0.0,0.0,,0.0,0.0
2016-09-09,0.0,0.0,,0.0,0.0
2016-09-10,0.011,4.17,rain,0.0,0.0
2016-09-11,0.028,4.17,rain,0.0,0.0
2016-09-12,0.0,0.0,,0.0,0.0
2016-09-13,0.0,0.0,,0.0,0.0
2016-09-14,0.055,8.33,rain,0.0,0.0
2016-09-15,0.0,0.0,,0.0,0.0
2016-09-16,0.0,0.0,,0.0,0.0
2016-09-17,0.0,0.0,,0.0,0.0
2016-09-18,0.0,0.0,,0.0,0.0
2016-09-19,0.316,29.17,rain,0.0,0.0
2016-09-20,0.0,0.0,,0.0,0.0
2016-09-21,0.0,0.0,,0.0,0.0
2016-09-22,0.0,0.0,,0.0,0.0
2016-09-23,0.068,4.17,rain,0.0,0.0
2016-09-24,0.254,12.5,rain,0.0,0.0
2016-09-25,0.0,0.0,,0.0,0.0
2016-09-26,0.0,0.0,,0.0,0.0
2016-09-27,0.231,16.67,rain,0.0,0.0
2016-09-28,0.001,4.17,rain,0.0,0.0
2016-09-29,0.0,0.0,,0.0,0.0
2016-09-30,0.145,25.0,rain,0.0,0.0
2016-10-01,0.67,83.33,rain,0.0,0.0
2016-10-02,0.033,12.5,rain,0.0,0.0
2016-10-03,0.0,0.0,,0.0,0.0
2016-10-04,0.001,4.17,rain,0.0,0.0
2016-10-05,0.0,0.0,,0.0,0.0
2016-10-06,0.0,0.0,,0.0,0.0
2016-10-07,0.0,0.0,,0.0,0.0
2016-10-08,0.0,0.0,,0.0,0.0
2016-10-09,1.844,87.5,rain,0.0,0.0
2016-10-10,0.0,0.0,,0.0,0.0
2016-10-11,0.0,0.0,,0.0,0.0
2016-10-12,0.0,0.0,,0.0,0.0
2016-10-13,0.0,0.0,,0.0,0.0
2016-10-14,0.0,0.0,,0.0,0.0
2016-10-15,0.0,0.0,,0.0,0.0
2016-10-16,0.0,0.0,,0.0,0.0
2016-10-17,0.0,0.0,,0.0,0.0
2016-10-18,0.158,16.67,rain,0.0,0.0
2016-10-19,0.0,0.0,,0.0,0.0
2016-10-20,0.028,4.17,rain,0.0,0.0
2016-10-21,1.154,37.5,rain,0.0,0.0
2016-10-22,0.188,29.17,rain,0.0,0.0
2016-10-23,0.0,0.0,,0.0,0.0
2016-10-24,0.0,0.0,,0.0,0.0
2016-10-25,0.0,0.0,,0.0,0.0
2016-10-26,0.0,0.0,,0.0,0.0
2016-10-27,0.5,33.33,rain,0.0,0.0
2016-10-28,0.743,41.67,rain,0.0,0.1
2016-10-29,0.0,0.0,,0.0,0.0
2016-10-30,0.145,20.83,rain,0.0,0.0
2016-10-31,0.0,0.0,,0.0,0.0
2016-11-01,0.0,0.0,,0.0,0.0
2016-11-02,0.0,0.0,,0.0,0.0
2016-11-03,0.074,12.5,rain,0.0,0.0
2016-11-04,0.0,0.0,,0.0,0.0
2016-11-05,0.0,0.0,,0.0,0.0
2016-11-06,0.086,16.67,rain,0.0,0.0
2016-11-07,0.0,0.0,,0.0,0.0
2016-11-08,0.0,0.0,,0.0,0.0
2016-11-09,0.011,4.17,rain,0.0,0.0
2016-11-10,0.0,0.0,,0.0,0.0
2016-11-11,0.0,0.0,,0.0,0.0
2016-11-12,0.0,0.0,,0.0,0.0
2016-11-13,0.0,0.0,,0.0,0.0
2016-11-14,0.0,0.0,,0.0,0.0
2016-11-15,1.005,37.5,rain,0.0,0.0
2016-11-16,0.041,12.5,rain,0.0,0.0
2016-11-17,0.0,0.0,,0.0,0.0
2016-11-18,0.0,0.0,,0.0,0.0
2016-11-19,0.0,0.0,,0.0,0.0
2016-11-20,0.08,12.5,rain,0.0,0.0
2016-11-21,0.0,0.0,,0.0,0.0
2016-11-22,0.0,0.0,,0.0,0.0
2016-11-23,0.0,0.0,,0.0,0.0
2016-11-24,0.057,12.5,rain,0.0,0.0
2016-11-25,0.036,8.33,rain,0.0,0.0
2016-11-26,0.0,0.0,,0.0,0.0
2016-11-27,0.0,0.0,,0.0,0.0
2016-11-28,0.0,0.0,,0.0,0.0
2016-11-29,0.44,41.67,rain,0.0,0.0
2016-11-30,0.855,41.67,rain,0.0,0.0
2016-12-01,0.326,29.17,rain,0.0,0.0
2016-12-02,0.0,0.0,,0.0,0.0
2016-12-03,0.0,0.0,,0.0,0.0
2016-12-04,0.0,0.0,,0.0,0.0
2016-12-05,0.146,29.17,"rain,snow",0.2,0.1
2016-12-06,0.0,0.0,,0.0,0.0
2016-12-07,0.087,25.0,rain,0.0,0.0
2016-12-08,0.0,0.0,,0.0,0.0
2016-12-09,0.0,0.0,,0.0,0.0
2016-12-10,0.0,0.0,,0.0,0.0
2016-12-11,0.0,0.0,"rain,snow",0.3,0.1
2016-12-12,0.444,50.0,"rain,snow",0.3,0.3
2016-12-13,0.0,0.0,,0.0,0.2
2016-12-14,0.0,0.0,,0.0,0.2
2016-12-15,0.0,0.0,,0.0,0.0
2016-12-16,0.0,0.0,snow,0.5,0.1
2016-12-17,0.536,50.0,"rain,snow",1.6,0.7
2016-12-18,0.108,33.33,rain,0.0,0.6
2016-12-19,0.0,0.0,,0.0,0.1
2016-12-20,0.0,0.0,,0.0,0.2
2016-12-21,0.0,0.0,,0.0,0.1
2016-12-22,0.018,4.17,rain,0.0,0.2
2016-12-23,0.0,0.0,,0.0,0.2
2016-12-24,0.38,20.83,rain,0.0,0.1
2016-12-25,0.0,0.0,,0.0,0.0
2016-12-26,0.0,0.0,,0.0,0.0
2016-12-27,0.012,8.33,rain,0.0,0.0
2016-12-28,0.0,0.0,,0.0,0.0
2016-12-29,1.047,41.67,"rain,snow",0.0,0.1
2016-12-30,0.0,0.0,,0.0,0.9
2016-12-31,0.027,8.33,rain,0.0,0.0
2017-01-01,0.106,20.83,rain,0.0,0.0
2017-01-02,0.0,0.0,,0.0,0.0
2017-01-03,0.855,70.83,rain,0.0,0.0
2017-01-04,0.082,20.83,rain,0.0,0.0
2017-01-05,0.0,0.0,"rain,snow",0.3,0.1
2017-01-06,0.06,12.5,"rain,snow",0.4,0.3
2017-01-07,0.195,45.83,snow,1.5,0.9
2017-01-08,0.005,4.17,snow,0.8,2.1
2017-01-09,0.0,0.0,,0.0,1.6
2017-01-10,0.125,20.83,rain,0.0,1.4
2017-01-11,0.122,16.67,rain,0.0,0.6
2017-01-12,0.158,37.5,rain,0.0,0.0
2017-01-13,0.0,0.0,,0.0,0.0
2017-01-14,0.0,0.0,,0.0,0.0
2017-01-15,0.0,0.0,,0.0,0.0
2017-01-16,0.0,0.0,,0.0,0.0
2017-01-17,0.264,20.83,rain,0.0,0.0
2017-01-18,0.38,70.83,"rain,snow",0.3,0.2
2017-01-19,0.0,0.0,,0.0,0.0
2017-01-20,0.0,0.0,,0.0,0.0
2017-01-21,0.0,0.0,,0.0,0.0
2017-01-22,0.062,20.83,rain,0.0,0.0
2017-01-23,0.247,54.17,rain,0.0,0.0
2017-01-24,1.163,75.0,rain,0.0,0.3
2017-01-25,0.034,8.33,rain,0.0,0.4
2017-01-26,0.062,20.83,rain,0.0,0.2
2017-01-27,0.0,0.0,,0.0,0.0
2017-01-28,0.0,0.0,,0.0,0.0
2017-01-29,0.0,0.0,,0.0,0.0
2017-01-30,0.0,0.0,,0.0,0.0
2017-01-31,0.056,25.0,snow,0.5,0.1
2017-02-01,0.067,25.0,"rain,snow",0.3,0.5
2017-02-02,0.0,0.0,,0.0,0.3
2017-02-03,0.0,0.0,,0.0,0.1
2017-02-04,0.0,0.0,,0.0,0.1
2017-02-05,0.0,0.0,,0.0,0.1
2017-02-06,0.0,0.0,,0.0,0.0
2017-02-07,0.43,58.33,"rain,snow",1.5,0.6
2017-02-08,0.022,8.33,snow,0.0,0.4
2017-02-09,0.404,50.0,"rain,snow",2.0,0.8
2017-02-10,0.0,0.0,snow,2.0,3.3
2017-02-11,0.204,33.33,snow,0.3,3.6
2017-02-12,0.733,58.33,"rain,snow",0.1,3.5
2017-02-13,0.128,25.0,"rain,snow",2.0,3.4
2017-02-14,0.0,0.0,,0.0,3.1
2017-02-15,0.214,29.17,"rain,snow",0.3,3.2
2017-02-16,0.069,20.83,"rain,snow",0.5,3.3
2017-02-17,0.0,0.0,,0.0,2.9
2017-02-18,0.0,0.0,,0.0,2.8
2017-02-19,0.0,0.0,,0.0,2.4
2017-02-20,0.0,0.0,,0.0,2.2
2017-02-21,0.0,0.0,,0.0,2.2
2017-02-22,0.0,0.0,,0.0,1.8
2017-02-23,0.0,0.0,,0.0,1.0
2017-02-24,0.0,0.0,,0.0,0.1
2017-02-25,0.071,16.67,rain,0.0,0.0
2017-02-26,0.03,4.17,rain,0.0,0.0
2017-02-27,0.0,0.0,,0.0,0.0
2017-02-28,0.0,0.0,,0.0,0.0
2017-03-01,0.022,8.33,rain,0.0,0.0
2017-03-02,0.0,0.0,,0.0,0.0
2017-03-03,0.0,0.0,,0.0,0.0
2017-03-04,0.0,0.0,,0.0,0.0
2017-03-05,0.0,0.0,,0.0,0.0
2017-03-06,0.0,0.0,,0.0,0.0
2017-03-07,0.022,12.5,rain,0.0,0.0
2017-03-08,0.054,20.83,rain,0.0,0.0
2017-03-09,0.0,0.0,,0.0,0.0
2017-03-10,0.203,54.17,"rain,snow",0.3,0.2
2017-03-11,0.021,8.33,snow,0.2,0.3
2017-03-12,0.0,0.0,,0.0,0.9
2017-03-13,0.0,0.0,,0.0,1.2
2017-03-14,0.729,66.67,"rain,snow",1.3,0.9
2017-03-15,0.0,0.0,"rain,snow",0.7,1.6
2017-03-16,0.0,0.0,,0.0,1.5
2017-03-17,0.0,0.0,,0.0,1.2
2017-03-18,0.0,0.0,,0.0,1.0
2017-03-19,0.011,4.17,"rain,snow",0.0,1.0
2017-03-20,0.0,0.0,,0.0,0.9
2017-03-21,0.0,0.0,,0.0,0.5
2017-03-22,0.0,0.0,,0.0,0.1
2017-03-23,0.0,0.0,,0.0,0.0
2017-03-24,0.029,12.5,rain,0.0,0.0
2017-03-25,0.078,25.0,rain,0.0,0.0
2017-03-26,0.0,0.0,,0.0,0.0
2017-03-27,0.487,33.33,rain,0.0,0.0
2017-03-28,0.567,29.17,rain,0.0,0.0
2017-03-29,0.199,16.67,rain,0.0,0.0
2017-03-30,0.0,0.0,,0.0,0.0
2017-03-31,0.686,62.5,"rain,snow",0.3,0.1
2017-04-01,1.758,87.5,"rain,snow",2.9,0.3
2017-04-02,0.0,0.0,,0.0,0.3
2017-04-03,0.0,0.0,,0.0,0.3
2017-04-04,0.635,66.67,rain,0.0,0.2
2017-04-05,0.028,4.17,rain,0.0,0.0
2017-04-06,1.354,50.0,rain,0.0,0.0
2017-04-07,0.0,0.0,,0.0,0.0
2017-04-08,0.0,0.0,,0.0,0.0
2017-04-09,0.0,0.0,,0.0,0.0
2017-04-10,0.0,0.0,,0.0,0.0
2017-04-11,0.0,0.0,,0.0,0.0
2017-04-12,0.022,8.33,rain,0.0,0.0
2017-04-13,0.0,0.0,,0.0,0.0
2017-04-14,0.0,0.0,,0.0,0.0
2017-04-15,0.001,4.17,rain,0.0,0.0
2017-04-16,0.0,0.0,,0.0,0.0
2017-04-17,0.0,0.0,,0.0,0.0
2017-04-18,0.0,0.0,,0.0,0.0
2017-04-19,0.049,8.33,rain,0.0,0.0
2017-04-20,0.038,12.5,rain,0.0,0.0
2017-04-21,0.502,79.17,rain,0.0,0.0
2017-04-22,0.068,20.83,rain,0.0,0.0
2017-04-23,0.0,0.0,,0.0,0.0
2017-04-24,0.0,0.0,,0.0,0.0
2017-04-25,0.788,54.17,rain,0.0,0.0
2017-04-26,0.692,79.17,rain,0.0,0.0
2017-04-27,0.0,0.0,,0.0,0.0
2017-04-28,0.012,4.17,rain,0.0,0.0
2017-04-29,0.0,0.0,,0.0,0.0
2017-04-30,0.016,4.17,rain,0.0,0.0
2017-05-01,0.0,0.0,,0.0,0.0
2017-05-02,0.21,37.5,rain,0.0,0.0
2017-05-03,0.0,0.0,,0.0,0.0
2017-05-04,0.0,0.0,,0.0,0.0
2017-05-05,0.662,37.5,rain,0.0,0.0
2017-05-06,0.114,37.5,rain,0.0,0.0
2017-05-07,0.0,0.0,,0.0,0.0
2017-05-08,0.0,0.0,,0.0,0.0
2017-05-09,0.0,0.0,,0.0,0.0
2017-05-10,0.0,0.0,,0.0,0.0
2017-05-11,0.0,0.0,,0.0,0.0
2017-05-12,0.011,4.17,rain,0.0,0.0
2017-05-13,0.006,12.5,rain,0.0,0.0
2017-05-14,0.992,75.0,rain,0.0,0.0
2017-05-15,0.109,41.67,rain,0.0,0.0
2017-05-16,0.0,0.0,,0.0,0.0
2017-05-17,0.0,0.0,,0.0,0.0
2017-05-18,0.0,0.0,,0.0,0.0
2017-05-19,0.059,8.33,rain,0.0,0.0
2017-05-20,0.0,0.0,,0.0,0.0
2017-05-21,0.0,0.0,,0.0,0.0
2017-05-22,0.111,25.0,rain,0.0,0.0
2017-05-23,0.027,8.33,rain,0.0,0.0
2017-05-24,0.0,0.0,,0.0,0.0
2017-05-25,0.427,54.17,rain,0.0,0.0
2017-05-26,0.744,62.5,rain,0.0,0.0
2017-05-27,0.0,0.0,,0.0,0.0
2017-05-28,0.0,0.0,,0.0,0.0
2017-05-29,0.052,16.67,rain,0.0,0.0
2017-05-30,0.0,0.0,,0.0,0.0
2017-05-31,0.048,8.33,rain,0.0,0.0
2017-06-01,0.162,8.33,rain,0.0,0.0
2017-06-02,0.011,4.17,rain,0.0,0.0
2017-06-03,0.0,0.0,,0.0,0.0
2017-06-04,0.158,20.83,rain,0.0,0.0
2017-06-05,0.287,37.5,rain,0.0,0.0
2017-06-06,1.166,95.83,rain,0.0,0.0
2017-06-07,0.077,25.0,rain,0.0,0.0
2017-06-08,0.0,0.0,,0.0,0.0
2017-06-09,0.005,4.17,rain,0.0,0.0
2017-06-10,0.0,0.0,,0.0,0.0
2017-06-11,0.0,0.0,,0.0,0.0
2017-06-12,0.0,0.0,,0.0,0.0
2017-06-13,0.461,4.17,rain,0.0,0.0
2017-06-14,0.02,8.33,rain,0.0,0.0
2017-06-15,0.0,0.0,,0.0,0.0
2017-06-16,1.938,33.33,rain,0.0,0.0
2017-06-17,0.088,16.67,rain,0.0,0.0
2017-06-18,0.0,0.0,,0.0,0.0
2017-06-19,0.034,8.33,rain,0.0,0.0
2017-06-20,0.13,16.67,rain,0.0,0.0
2017-06-21,0.0,0.0,,0.0,0.0
2017-06-22,0.0,0.0,,0.0,0.0
2017-06-23,0.0,0.0,,0.0,0.0
2017-06-24,0.071,12.5,rain,0.0,0.0
2017-06-25,0.0,0.0,,0.0,0.0
2017-06-26,0.0,0.0,,0.0,0.0
2017-06-27,0.075,8.33,rain,0.0,0.0
2017-06-28,0.0,0.0,,0.0,0.0
2017-06-29,0.0,0.0,,0.0,0.0
2017-06-30,0.079,16.67,rain,0.0,0.0
2017-07-01,0.0,0.0,,0.0,0.0
2017-07-02,0.1,8.33,rain,0.0,0.0
2017-07-03,0.0,0.0,,0.0,0.0
2017-07-04,0.0,0.0,,0.0,0.0
2017-07-05,0.0,0.0,,0.0,0.0
2017-07-06,0.0,0.0,,0.0,0.0
2017-07-07,0.333,29.17,rain,0.0,0.0
2017-07-08,0.372,16.67,rain,0.0,0.0
2017-07-09,0.0,0.0,,0.0,0.0
2017-07-10,0.0,0.0,,0.0,0.0
2017-07-11,0.17,29.17,rain,0.0,0.0
2017-07-12,1.178,16.67,rain,0.0,0.0
2017-07-13,0.134,16.67,rain,0.0,0.0
2017-07-14,0.005,4.17,rain,0.0,0.0
2017-07-15,0.0,0.0,,0.0,0.0
2017-07-16,0.0,0.0,,0.0,0.0
2017-07-17,0.0,0.0,,0.0,0.0
2017-07-18,0.16,16.67,rain,0.0,0.0
2017-07-19,0.0,0.0,,0.0,0.0
2017-07-20,0.0,0.0,,0.0,0.0
2017-07-21,0.0,0.0,,0.0,0.0
2017-07-22,0.0,0.0,,0.0,0.0
2017-07-23,0.0,0.0,,0.0,0.0
2017-07-24,1.402,70.83,rain,0.0,0.0
2017-07-25,0.011,4.17,rain,0.0,0.0
2017-07-26,0.0,0.0,,0.0,0.0
2017-07-27,0.047,20.83,rain,0.0,0.0
2017-07-28,0.0,0.0,,0.0,0.0
2017-07-29,0.0,0.0,,0.0,0.0
2017-07-30,0.0,0.0,,0.0,0.0
2017-07-31,0.0,0.0,,0.0,0.0
2017-08-01,0.0,0.0,,0.0,0.0
2017-08-02,0.947,29.17,rain,0.0,0.0
2017-08-03,0.0,0.0,,0.0,0.0
2017-08-04,0.0,0.0,,0.0,0.0
2017-08-05,0.153,12.5,rain,0.0,0.0
2017-08-06,0.0,0.0,,0.0,0.0
2017-08-07,0.0,0.0,,0.0,0.0
2017-08-08,0.001,4.17,rain,0.0,0.0
2017-08-09,0.0,0.0,,0.0,0.0
2017-08-10,0.0,0.0,,0.0,0.0
2017-08-11,0.0,0.0,,0.0,0.0
2017-08-12,0.107,20.83,rain,0.0,0.0
2017-08-13,0.0,0.0,,0.0,0.0
2017-08-14,0.0,0.0,,0.0,0.0
2017-08-15,0.0,0.0,,0.0,0.0
2017-08-16,0.0,0.0,,0.0,0.0
2017-08-17,0.0,0.0,,0.0,0.0
2017-08-18,0.011,4.17,rain,0.0,0.0
2017-08-19,0.217,8.33,rain,0.0,0.0
2017-08-20,0.0,0.0,,0.0,0.0
2017-08-21,0.0,0.0,,0.0,0.0
2017-08-22,0.0,0.0,,0.0,0.0
2017-08-23,0.027,8.33,rain,0.0,0.0
2017-08-24,0.0,0.0,,0.0,0.0
2017-08-25,0.0,0.0,,0.0,0.0
2017-08-26,0.0,0.0,,0.0,0.0
2017-08-27,0.0,0.0,,0.0,0.0
2017-08-28,0.0,0.0,,0.0,0.0
2017-08-29,0.0,0.0,,0.0,0.0
2017-08-30,0.079,33.33,rain,0.0,0.0
2017-08-31,0.0,0.0,,0.0,0.0
2017-09-01,0.0,0.0,,0.0,0.0
2017-09-02,0.0,0.0,,0.0,0.0
2017-09-03,0.253,54.17,rain,0.0,0.0
2017-09-04,0.0,0.0,,0.0,0.0
2017-09-05,0.0,0.0,,0.0,0.0
2017-09-06,0.168,29.17,rain,0.0,0.0
2017-09-07,0.712,25.0,rain,0.0,0.0
2017-09-08,0.0,0.0,,0.0,0.0
2017-09-09,0.0,0.0,,0.0,0.0
2017-09-10,0.011,4.17,rain,0.0,0.0
2017-09-11,0.0,0.0,,0.0,0.0
2017-09-12,0.0,0.0,,0.0,0.0
2017-09-13,0.028,4.17,rain,0.0,0.0
2017-09-14,0.298,4.17,rain,0.0,0.0
2017-09-15,0.219,25.0,rain,0.0,0.0
2017-09-16,0.0,0.0,,0.0,0.0
2017-09-17,0.0,0.0,,0.0,0.0
2017-09-18,0.0,0.0,,0.0,0.0
2017-09-19,0.045,16.67,rain,0.0,0.0
2017-09-20,0.307,70.83,rain,0.0,0.0
2017-09-21,0.0,0.0,,0.0,0.0
2017-09-22,0.185,58.33,rain,0.0,0.0
2017-09-23,0.041,25.0,rain,0.0,0.0
2017-09-24,0.0,0.0,,0.0,0.0
2017-09-25,0.0,0.0,,0.0,0.0
2017-09-26,0.0,0.0,,0.0,0.0
2017-09-27,0.0,0.0,,0.0,0.0
2017-09-28,0.0,0.0,,0.0,0.0
2017-09-29,0.0,0.0,,0.0,0.0
2017-09-30,1.431,54.17,rain,0.0,0.0
2017-10-01,0.0,0.0,,0.0,0.0
2017-10-02,0.0,0.0,,0.0,0.0
2017-10-03,0.0,0.0,,0.0,0.0
2017-10-04,0.0,0.0,,0.0,0.0
2017-10-05,0.0,0.0,,0.0,0.0
2017-10-06,0.0,0.0,,0.0,0.0
2017-10-07,0.0,0.0,,0.0,0.0
2017-10-08,0.131,16.67,rain,0.0,0.0
2017-10-09,0.278,41.67,rain,0.0,0.0
2017-10-10,0.0,0.0,,0.0,0.0
2017-10-11,0.011,4.17,rain,0.0,0.0
2017-10-12,0.0,0.0,,0.0,0.0
2017-10-13,0.0,0.0,,0.0,0.0
2017-10-14,0.094,16.67,rain,0.0,0.0
2017-10-15,0.0,0.0,,0.0,0.0
2017-10-16,0.0,0.0,,0.0,0.0
2017-10-17,0.0,0.0,,0.0,0.0
2017-10-18,0.0,0.0,,0.0,0.0
2017-10-19,0.0,0.0,,0.0,0.0
2017-10-20,0.0,0.0,,0.0,0.0
2017-10-21,0.0,0.0,,0.0,0.0
2017-10-22,0.0,0.0,,0.0,0.0
2017-10-23,0.0,0.0,,0.0,0.0
2017-10-24,0.093,33.33,rain,0.0,0.0
2017-10-25,1.235,83.33,rain,0.0,0.0
2017-10-26,0.456,79.17,rain,0.0,0.0
2017-10-27,0.0,0.0,,0.0,0.0
2017-10-28,0.0,0.0,,0.0,0.0
2017-10-29,0.574,29.17,rain,0.0,0.0
2017-10-30,1.508,37.5,rain,0.0,0.0
2017-10-31,0.0,0.0,,0.0,0.0
2017-11-01,0.0,0.0,,0.0,0.0
2017-11-02,0.0,0.0,,0.0,0.0
2017-11-03,0.011,4.17,rain,0.0,0.0
2017-11-04,0.0,0.0,,0.0,0.0
2017-11-05,0.001,4.17,rain,0.0,0.0
2017-11-06,0.081,25.0,rain,0.0,0.0
2017-11-07,0.091,12.5,rain,0.0,0.0
2017-11-08,0.071,12.5,rain,0.0,0.0
2017-11-09,0.0,0.0,,0.0,0.0
2017-11-10,0.023,8.33,rain,0.0,0.0
2017-11-11,0.0,0.0,,0.0,0.0
2017-11-12,0.0,0.0,,0.0,0.0
2017-11-13,0.142,29.17,rain,0.0,0.0
2017-11-14,0.0,0.0,,0.0,0.0
2017-11-15,0.0,0.0,,0.0,0.0
2017-11-16,0.206,29.17,rain,0.0,0.0
2017-11-17,0.0,0.0,,0.0,0.0
2017-11-18,0.081,16.67,rain,0.0,0.0
2017-11-19,0.251,41.67,rain,0.0,0.0
2017-11-20,0.0,0.0,,0.0,0.0
2017-11-21,0.0,0.0,,0.0,0.0
2017-11-22,0.882,45.83,rain,0.0,0.0
2017-11-23,0.0,0.0,,0.0,0.0
2017-11-24,0.0,0.0,,0.0,0.0
2017-11-25,0.0,0.0,,0.0,0.0
2017-11-26,0.0,0.0,,0.0,0.0
2017-11-27,0.0,0.0,,0.0,0.0
2017-11-28,0.0,0.0,,0.0,0.0
2017-11-29,0.0,0.0,,0.0,0.0
2017-11-30,0.0,0.0,,0.0,0.0
2017-12-01,0.086,16.67,rain,0.0,0.0
2017-12-02,0.0,0.0,,0.0,0.0
2017-12-03,0.0,0.0,,0.0,0.0
2017-12-04,0.0,0.0,,0.0,0.0
2017-12-05,0.093,37.5,rain,0.0,0.0
2017-12-06,0.47,29.17,rain,0.0,0.0
2017-12-07,0.0,0.0,,0.0,0.0
2017-12-08,0.0,0.0,,0.0,0.0
2017-12-09,0.629,50.0,"rain,snow",1.1,0.3
2017-12-10,0.031,12.5,"rain,snow",0.6,1.4
2017-12-11,0.0,0.0,,0.0,1.2
2017-12-12,0.039,20.83,rain,0.0,0.9
2017-12-13,0.0,0.0,,0.0,0.4
2017-12-14,0.0,0.0,,0.0,0.4
2017-12-15,0.0,0.0,,0.0,0.4
2017-12-16,0.0,0.0,snow,0.0,0.4
2017-12-17,0.0,0.0,,0.0,0.3
2017-12-18,0.0,0.0,,0.0,0.7
2017-12-19,0.0,0.0,,0.0,0.7
2017-12-20,0.0,0.0,,0.0,0.0
2017-12-21,0.0,0.0,,0.0,0.0
2017-12-22,0.093,29.17,"rain,snow",0.1,0.1
2017-12-23,0.59,50.0,"rain,snow",0.0,0.1
2017-12-24,0.0,0.0,,0.0,0.0
2017-12-25,0.44,37.5,"rain,snow",0.7,0.2
2017-12-26,0.0,0.0,snow,0.4,0.9
2017-12-27,0.0,0.0,,0.0,0.9
2017-12-28,0.0,0.0,,0.0,0.6
2017-12-29,0.0,0.0,,0.0,0.6
2017-12-30,0.011,4.17,snow,0.0,0.6
2017-12-31,0.0,0.0,,0.0,0.6
2018-01-01,0.0,0.0,,0.0,0.6
2018-01-02,0.0,0.0,,0.0,0.6
2018-01-03,0.0,0.0,,0.0,0.6
2018-01-04,0.603,45.83,"rain,snow",2.5,1.4
2018-01-05,0.0,0.0,snow,1.4,3.5
2018-01-06,0.0,0.0,,0.0,3.1
2018-01-07,0.0,0.0,,0.0,3.1
2018-01-08,0.0,0.0,,0.0,3.1
2018-01-09,0.0,0.0,,0.0,3.1
2018-01-10,0.0,0.0,,0.0,3.0
2018-01-11,0.0,0.0,,0.0,2.7
2018-01-12,0.494,41.67,rain,0.0,1.5
2018-01-13,1.401,37.5,rain,0.0,0.1
2018-01-14,0.0,0.0,,0.0,0.0
2018-01-15,0.0,0.0,,0.0,0.1
2018-01-16,0.0,0.0,"rain,snow",0.3,0.1
2018-01-17,0.201,41.67,"rain,snow",1.5,0.4
2018-01-18,0.0,0.0,,0.0,0.4
2018-01-19,0.0,0.0,,0.0,0.4
2018-01-20,0.0,0.0,,0.0,0.3
2018-01-21,0.0,0.0,,0.0,0.2
2018-01-22,0.068,29.17,rain,0.0,0.1
2018-01-23,1.273,41.67,"rain,snow",0.0,0.0
2018-01-24,0.0,0.0,,0.0,0.0
2018-01-25,0.0,0.0,,0.0,0.0
2018-01-26,0.0,0.0,,0.0,0.0
2018-01-27,0.0,0.0,,0.0,0.0
2018-01-28,0.038,12.5,rain,0.0,0.0
2018-01-29,0.001,4.17,"rain,snow",0.6,0.2
2018-01-30,0.06,29.17,"rain,snow",1.5,1.1
2018-01-31,0.0,0.0,,0.0,0.8
2018-02-01,0.037,8.33,"rain,snow",0.1,0.6
2018-02-02,0.253,29.17,"rain,snow",0.4,0.4
2018-02-03,0.0,0.0,,0.0,0.4
2018-02-04,0.213,29.17,rain,0.0,0.3
2018-02-05,0.426,16.67,rain,0.0,0.1
2018-02-06,0.0,0.0,,0.0,0.1
2018-02-07,0.646,50.0,"rain,snow",0.5,0.3
2018-02-08,0.0,0.0,,0.0,0.7
2018-02-09,0.0,0.0,,0.0,0.4
2018-02-10,0.067,12.5,rain,0.0,0.2
2018-02-11,0.805,91.67,rain,0.0,0.1
2018-02-12,0.0,0.0,,0.0,0.0
2018-02-13,0.0,0.0,,0.0,0.0
2018-02-14,0.0,0.0,,0.0,0.0
2018-02-15,0.0,0.0,,0.0,0.0
2018-02-16,0.023,8.33,rain,0.0,0.0
2018-02-17,0.079,12.5,"rain,snow",1.2,0.4
2018-02-18,0.441,33.33,"rain,snow",0.7,1.7
2018-02-19,0.057,20.83,rain,0.0,1.3
2018-02-20,0.023,8.33,rain,0.0,0.2
2018-02-21,0.0,0.0,,0.0,0.0
2018-02-22,0.072,16.67,"rain,snow",0.2,0.1
2018-02-23,0.131,25.0,"rain,snow",0.2,0.3
2018-02-24,0.0,0.0,,0.0,0.0
2018-02-25,0.517,54.17,rain,0.0,0.0
2018-02-26,0.0,0.0,,0.0,0.0
2018-02-27,0.0,0.0,,0.0,0.0
2018-02-28,0.011,4.17,rain,0.0,0.0
2018-03-01,0.0,0.0,,0.0,0.0
2018-03-02,1.411,95.83,rain,0.0,0.2
2018-03-03,0.0,0.0,rain,0.6,0.5
2018-03-04,0.0,0.0,rain,0.2,0.1
2018-03-05,0.023,12.5,"rain,snow",0.5,0.3
2018-03-06,0.0,0.0,,0.0,0.2
2018-03-07,0.587,58.33,"rain,snow",1.8,0.7
2018-03-08,0.132,50.0,"rain,snow",2.3,2.4
2018-03-09,0.0,0.0,,0.0,1.6
2018-03-10,0.0,0.0,,0.0,1.3
2018-03-11,0.0,0.0,,0.0,1.1
2018-03-12,0.0,0.0,"rain,snow",0.3,0.8
2018-03-13,0.425,87.5,"rain,snow",3.3,2.3
2018-03-14,0.0,0.0,"rain,snow",1.8,5.4
2018-03-15,0.0,0.0,,0.0,4.0
2018-03-16,0.0,0.0,,0.0,3.7
2018-03-17,0.0,0.0,,0.0,3.1
2018-03-18,0.0,0.0,,0.0,2.9
2018-03-19,0.0,0.0,,0.0,2.8
2018-03-20,0.0,0.0,,0.0,2.5
2018-03-21,0.0,0.0,"rain,snow",0.3,2.6
2018-03-22,0.111,54.17,"rain,snow",1.8,2.7
2018-03-23,0.0,0.0,,0.0,2.3
2018-03-24,0.0,0.0,,0.0,2.1
2018-03-25,0.087,20.83,"rain,snow",0.4,1.6
2018-03-26,0.0,0.0,,0.0,1.5
2018-03-27,0.0,0.0,,0.0,1.3
2018-03-28,0.012,8.33,rain,0.0,1.0
2018-03-29,0.011,4.17,rain,0.0,0.2
2018-03-30,0.071,16.67,rain,0.0,0.0
2018-03-31,0.0,0.0,,0.0,0.0
2018-04-01,0.0,0.0,,0.0,0.0
2018-04-02,0.109,12.5,"rain,snow",0.5,0.7
2018-04-03,0.453,37.5,rain,0.0,0.9
2018-04-04,0.224,20.83,rain,0.0,0.0
2018-04-05,0.0,0.0,,0.0,0.0
2018-04-06,0.188,16.67,"rain,snow",0.0,0.1
2018-04-07,0.034,12.5,rain,0.0,0.0
2018-04-08,0.0,0.0,,0.0,0.0
2018-04-09,0.0,0.0,,0.0,0.0
2018-04-10,0.0,0.0,,0.0,0.0
2018-04-11,0.0,0.0,,0.0,0.0
2018-04-12,0.059,8.33,rain,0.0,0.0
2018-04-13,0.0,0.0,,0.0,0.0
2018-04-14,0.0,0.0,,0.0,0.0
2018-04-15,0.037,16.67,"rain,snow",0.0,0.0
2018-04-16,1.691,87.5,"rain,snow",0.0,0.2
2018-04-17,0.0,0.0,,0.0,0.0
2018-04-18,0.0,0.0,,0.0,0.0
2018-04-19,0.216,37.5,rain,0.0,0.0
2018-04-20,0.0,0.0,,0.0,0.0
2018-04-21,0.0,0.0,,0.0,0.0
2018-04-22,0.0,0.0,,0.0,0.0
2018-04-23,0.0,0.0,,0.0,0.0
2018-04-24,0.0,0.0,,0.0,0.0
2018-04-25,0.697,54.17,rain,0.0,0.0
2018-04-26,0.273,25.0,rain,0.0,0.0
2018-04-27,0.525,20.83,rain,0.0,0.0
2018-04-28,0.0,0.0,,0.0,0.0
2018-04-29,0.055,16.67,rain,0.0,0.0
2018-04-30,0.211,41.67,rain,0.0,0.0
2018-05-01,0.0,0.0,,0.0,0.0
2018-05-02,0.0,0.0,,0.0,0.0
2018-05-03,0.084,12.5,rain,0.0,0.0
2018-05-04,0.005,12.5,rain,0.0,0.0
2018-05-05,0.0,0.0,,0.0,0.0
2018-05-06,0.147,8.33,rain,0.0,0.0
2018-05-07,0.044,4.17,rain,0.0,0.0
2018-05-08,0.0,0.0,,0.0,0.0
2018-05-09,0.0,0.0,,0.0,0.0
2018-05-10,0.0,0.0,,0.0,0.0
2018-05-11,0.0,0.0,,0.0,0.0
2018-05-12,0.21,29.17,rain,0.0,0.0
2018-05-13,0.0,0.0,,0.0,0.0
2018-05-14,0.0,0.0,,0.0,0.0
2018-05-15,0.973,16.67,rain,0.0,0.0
2018-05-16,0.0,0.0,,0.0,0.0
2018-05-17,0.002,8.33,rain,0.0,0.0
2018-05-18,0.0,0.0,,0.0,0.0
2018-05-19,0.176,41.67,rain,0.0,0.0
2018-05-20,0.115,33.33,rain,0.0,0.0
2018-05-21,0.0,0.0,,0.0,0.0
2018-05-22,0.038,29.17,rain,0.0,0.0
2018-05-23,0.024,12.5,rain,0.0,0.0
2018-05-24,0.0,0.0,,0.0,0.0
2018-05-25,0.0,0.0,,0.0,0.0
2018-05-26,0.0,0.0,,0.0,0.0
2018-05-27,0.019,16.67,rain,0.0,0.0
2018-05-28,0.065,25.0,rain,0.0,0.0
2018-05-29,0.0,0.0,,0.0,0.0
2018-05-30,0.0,0.0,,0.0,0.0
2018-05-31,0.0,0.0,,0.0,0.0
2018-06-01,0.011,4.17,rain,0.0,0.0
2018-06-02,0.011,4.17,rain,0.0,0.0
2018-06-03,0.0,0.0,,0.0,0.0
2018-06-04,0.63,50.0,rain,0.0,0.0
2018-06-05,0.289,20.83,rain,0.0,0.0
2018-06-06,0.0,0.0,,0.0,0.0
2018-06-07,0.0,0.0,,0.0,0.0
2018-06-08,0.0,0.0,,0.0,0.0
2018-06-09,0.0,0.0,,0.0,0.0
2018-06-10,0.0,0.0,,0.0,0.0
2018-06-11,0.0,0.0,,0.0,0.0
2018-06-12,0.0,0.0,,0.0,0.0
2018-06-13,0.0,0.0,,0.0,0.0
2018-06-14,0.0,0.0,,0.0,0.0
2018-06-15,0.0,0.0,,0.0,0.0
2018-06-16,0.0,0.0,,0.0,0.0
2018-06-17,0.0,0.0,,0.0,0.0
2018-06-18,0.119,12.5,rain,0.0,0.0
2018-06-19,0.011,4.17,rain,0.0,0.0
2018-06-20,0.0,0.0,,0.0,0.0
2018-06-21,0.0,0.0,,0.0,0.0
2018-06-22,0.0,0.0,,0.0,0.0
2018-06-23,0.0,0.0,,0.0,0.0
2018-06-24,0.145,8.33,rain,0.0,0.0
2018-06-25,0.391,25.0,rain,0.0,0.0
2018-06-26,0.0,0.0,,0.0,0.0
2018-06-27,0.0,0.0,,0.0,0.0
2018-06-28,1.271,62.5,rain,0.0,0.0
2018-06-29,0.0,0.0,,0.0,0.0
2018-06-30,0.0,0.0,,0.0,0.0
2018-07-01,0.0,0.0,,0.0,0.0
2018-07-02,0.0,0.0,,0.0,0.0
2018-07-03,0.011,4.17,rain,0.0,0.0
2018-07-04,0.0,0.0,,0.0,0.0
2018-07-05,0.0,0.0,,0.0,0.0
2018-07-06,0.383,16.67,rain,0.0,0.0
2018-07-07,0.0,0.0,,0.0,0.0
2018-07-08,0.0,0.0,,0.0,0.0
2018-07-09,0.0,0.0,,0.0,0.0
2018-07-10,0.0,0.0,,0.0,0.0
2018-07-11,0.215,20.83,rain,0.0,0.0
2018-07-12,0.0,0.0,,0.0,0.0
2018-07-13,0.0,0.0,,0.0,0.0
2018-07-14,0.009,4.17,rain,0.0,0.0
2018-07-15,0.26,8.33,rain,0.0,0.0
2018-07-16,0.008,4.17,rain,0.0,0.0
2018-07-17,2.459,33.33,rain,0.0,0.0
2018-07-18,0.073,16.67,rain,0.0,0.0
2018-07-19,0.0,0.0,,0.0,0.0
2018-07-20,0.0,0.0,,0.0,0.0
2018-07-21,0.0,0.0,,0.0,0.0
2018-07-22,0.171,41.67,rain,0.0,0.0
2018-07-23,0.053,29.17,rain,0.0,0.0
2018-07-24,0.0,0.0,,0.0,0.0
2018-07-25,0.112,8.33,rain,0.0,0.0
2018-07-26,0.649,33.33,rain,0.0,0.0
2018-07-27,0.0,0.0,,0.0,0.0
2018-07-28,0.0,0.0,,0.0,0.0
2018-07-29,0.0,0.0,,0.0,0.0
2018-07-30,0.0,0.0,,0.0,0.0
2018-07-31,0.0,0.0,,0.0,0.0
2018-08-01,0.0,0.0,,0.0,0.0
2018-08-02,0.0,0.0,,0.0,0.0
2018-08-03,0.086,8.33,rain,0.0,0.0
2018-08-04,0.78,20.83,rain,0.0,0.0
2018-08-05,0.0,0.0,,0.0,0.0
2018-08-06,0.0,0.0,,0.0,0.0
2018-08-07,0.0,0.0,,0.0,0.0
2018-08-08,1.041,25.0,rain,0.0,0.0
2018-08-09,0.08,20.83,rain,0.0,0.0
2018-08-10,0.0,0.0,,0.0,0.0
2018-08-11,0.397,50.0,rain,0.0,0.0
2018-08-12,1.263,66.67,rain,0.0,0.0
2018-08-13,0.284,29.17,rain,0.0,0.0
2018-08-14,0.011,4.17,rain,0.0,0.0
2018-08-15,0.0,0.0,,0.0,0.0
2018-08-16,0.0,0.0,,0.0,0.0
2018-08-17,0.182,12.5,rain,0.0,0.0
2018-08-18,0.104,29.17,rain,0.0,0.0
2018-08-19,0.059,20.83,rain,0.0,0.0
2018-08-20,0.0,0.0,,0.0,0.0
2018-08-21,0.0,0.0,,0.0,0.0
2018-08-22,0.385,12.5,rain,0.0,0.0
2018-08-23,0.0,0.0,,0.0,0.0
2018-08-24,0.0,0.0,,0.0,0.0
2018-08-25,0.0,0.0,,0.0,0.0
2018-08-26,0.0,0.0,,0.0,0.0
2018-08-27,0.0,0.0,,0.0,0.0
2018-08-28,0.0,0.0,,0.0,0.0
2018-08-29,0.0,0.0,,0.0,0.0
2018-08-30,0.0,0.0,,0.0,0.0
2018-08-31,0.0,0.0,,0.0,0.0
2018-09-01,0.0,0.0,,0.0,0.0
2018-09-02,0.0,0.0,,0.0,0.0
2018-09-03,0.0,0.0,,0.0,0.0
2018-09-04,0.0,0.0,,0.0,0.0
2018-09-05,0.0,0.0,,0.0,0.0
2018-09-06,0.154,12.5,rain,0.0,0.0
2018-09-07,0.001,4.17,rain,0.0,0.0
2018-09-08,0.0,0.0,,0.0,0.0
2018-09-09,0.0,0.0,,0.0,0.0
2018-09-10,0.589,33.33,rain,0.0,0.0
2018-09-11,0.714,33.33,rain,0.0,0.0
2018-09-12,0.241,37.5,rain,0.0,0.0
2018-09-13,0.49,29.17,rain,0.0,0.0
2018-09-14,0.0,0.0,,0.0,0.0
2018-09-15,0.0,0.0,,0.0,0.0
2018-09-16,0.0,0.0,,0.0,0.0
2018-09-17,0.0,0.0,,0.0,0.0
2018-09-18,1.335,58.33,rain,0.0,0.0
2018-09-19,0.0,0.0,,0.0,0.0
2018-09-20,0.0,0.0,,0.0,0.0
2018-09-21,0.0,0.0,,0.0,0.0
2018-09-22,0.032,8.33,rain,0.0,0.0
2018-09-23,0.0,0.0,,0.0,0.0
2018-09-24,0.0,0.0,,0.0,0.0
2018-09-25,0.635,54.17,rain,0.0,0.0
2018-09-26,0.654,12.5,rain,0.0,0.0
2018-09-27,0.351,16.67,rain,0.0,0.0
2018-09-28,0.346,37.5,rain,0.0,0.0
2018-09-29,0.0,0.0,,0.0,0.0
2018-09-30,0.0,0.0,,0.0,0.0
2018-10-01,0.044,33.33,rain,0.0,0.0
2018-10-02,0.326,62.5,rain,0.0,0.0
2018-10-03,0.277,25.0,rain,0.0,0.0
2018-10-04,0.0,0.0,,0.0,0.0
2018-10-05,0.0,0.0,,0.0,0.0
2018-10-06,0.0,0.0,,0.0,0.0
2018-10-07,0.096,20.83,rain,0.0,0.0
2018-10-08,0.0,0.0,,0.0,0.0
2018-10-09,0.0,0.0,,0.0,0.0
2018-10-10,0.0,0.0,,0.0,0.0
2018-10-11,0.623,33.33,rain,0.0,0.0
2018-10-12,0.109,33.33,rain,0.0,0.0
2018-10-13,0.135,20.83,rain,0.0,0.0
2018-10-14,0.0,0.0,,0.0,0.0
2018-10-15,0.012,4.17,rain,0.0,0.0
2018-10-16,0.087,8.33,rain,0.0,0.0
2018-10-17,0.004,4.17,rain,0.0,0.0
2018-10-18,0.0,0.0,,0.0,0.0
2018-10-19,0.0,0.0,,0.0,0.0
2018-10-20,0.0,0.0,,0.0,0.0
2018-10-21,0.026,8.33,rain,0.0,0.0
2018-10-22,0.0,0.0,,0.0,0.0
2018-10-23,0.362,25.0,rain,0.0,0.0
2018-10-24,0.044,20.83,rain,0.0,0.0
2018-10-25,0.0,0.0,,0.0,0.0
2018-10-26,0.0,0.0,,0.0,0.0
2018-10-27,1.162,70.83,rain,0.0,0.0
2018-10-28,0.067,29.17,rain,0.0,0.0
2018-10-29,0.485,41.67,rain,0.0,0.0
2018-10-30,0.0,0.0,,0.0,0.0
2018-10-31,0.0,0.0,,0.0,0.0
2018-11-01,0.011,4.17,rain,0.0,0.0
2018-11-02,0.099,33.33,rain,0.0,0.0
2018-11-03,1.483,83.33,rain,0.0,0.0
2018-11-04,0.0,0.0,,0.0,0.0
2018-11-05,0.276,20.83,rain,0.0,0.0
2018-11-06,0.733,58.33,rain,0.0,0.0
2018-11-07,0.002,8.33,rain,0.0,0.0
2018-11-08,0.0,0.0,,0.0,0.0
2018-11-09,0.612,20.83,rain,0.0,0.0
2018-11-10,0.792,33.33,rain,0.0,0.0
2018-11-11,0.0,0.0,,0.0,0.0
2018-11-12,0.0,0.0,,0.0,0.0
2018-11-13,0.993,54.17,rain,0.0,0.0
2018-11-14,0.0,0.0,,0.0,0.0
2018-11-15,0.313,16.67,"rain,snow",0.6,0.2
2018-11-16,0.716,45.83,"rain,snow",0.2,0.9
2018-11-17,0.0,0.0,,0.0,0.5
2018-11-18,0.0,0.0,,0.0,0.2
2018-11-19,0.164,45.83,rain,0.1,0.0
2018-11-20,0.411,62.5,"rain,snow",0.0,0.0
2018-11-21,0.0,0.0,,0.0,0.0
2018-11-22,0.0,0.0,,0.0,0.0
2018-11-23,0.0,0.0,,0.0,0.0
2018-11-24,0.0,0.0,,0.0,0.0
2018-11-25,0.795,41.67,rain,0.0,0.0
2018-11-26,0.721,37.5,rain,0.0,0.0
2018-11-27,0.599,37.5,rain,0.0,0.0
2018-11-28,0.0,0.0,,0.0,0.0
2018-11-29,0.0,0.0,,0.0,0.0
2018-11-30,0.0,0.0,,0.0,0.0
2018-12-01,0.0,0.0,,0.0,0.0
2018-12-02,0.752,54.17,rain,0.0,0.0
2018-12-03,0.0,0.0,,0.0,0.0
2018-12-04,0.0,0.0,,0.0,0.0
2018-12-05,0.0,0.0,,0.0,0.0
2018-12-06,0.0,0.0,,0.0,0.0
2018-12-07,0.0,0.0,,0.0,0.0
2018-12-08,0.0,0.0,,0.0,0.0
2018-12-09,0.0,0.0,,0.0,0.0
2018-12-10,0.0,0.0,,0.0,0.0
2018-12-11,0.0,0.0,,0.0,0.0
2018-12-12,0.0,0.0,,0.0,0.0
2018-12-13,0.0,0.0,,0.0,0.0
2018-12-14,0.0,0.0,,0.0,0.0
2018-12-15,0.009,8.33,rain,0.0,0.0
2018-12-16,0.534,37.5,rain,0.0,0.0
2018-12-17,0.053,20.83,rain,0.1,0.2
2018-12-18,0.018,4.17,"rain,snow",0.0,0.0
2018-12-19,0.0,0.0,,0.0,0.0
2018-12-20,0.0,0.0,,0.0,0.0
2018-12-21,0.642,75.0,rain,0.0,0.0
2018-12-22,0.025,8.33,rain,0.0,0.0
2018-12-23,0.0,0.0,,0.0,0.0
2018-12-24,0.0,0.0,,0.0,0.0
2018-12-25,0.0,0.0,,0.0,0.0
2018-12-26,0.0,0.0,,0.0,0.0
2018-12-27,0.0,0.0,,0.0,0.0
2018-12-28,0.337,54.17,rain,0.0,0.0
2018-12-29,0.0,0.0,,0.0,0.0
2018-12-30,0.0,0.0,,0.0,0.0
2018-12-31,0.221,16.67,rain,0.0,0.0
2019-01-01,0.567,29.17,rain,0.0,0.2
2019-01-02,0.0,0.0,,0.0,0.0
2019-01-03,0.022,8.33,rain,0.0,0.0
2019-01-04,0.0,0.0,,0.0,0.0
2019-01-05,0.6,62.5,rain,0.0,0.0
2019-01-06,0.0,0.0,,0.0,0.0
2019-01-07,0.0,0.0,,0.0,0.0
2019-01-08,0.022,8.33,"rain,snow",0.2,0.1
2019-01-09,0.128,29.17,rain,0.0,0.0
2019-01-10,0.0,0.0,,0.0,0.0
2019-01-11,0.0,0.0,,0.0,0.0
2019-01-12,0.0,0.0,,0.0,0.0
2019-01-13,0.0,0.0,,0.0,0.0
2019-01-14,0.0,0.0,,0.0,0.0
2019-01-15,0.0,0.0,,0.0,0.0
2019-01-16,0.0,0.0,,0.0,0.0
2019-01-17,0.0,0.0,,0.0,0.0
2019-01-18,0.0,0.0,,0.0,0.1
2019-01-19,0.083,20.83,"rain,snow",1.1,0.3
2019-01-20,1.265,70.83,"rain,snow",1.7,1.4
2019-01-21,0.0,0.0,,0.0,1.3
2019-01-22,0.0,0.0,,0.0,1.2
2019-01-23,0.0,0.0,,0.0,1.2
2019-01-24,1.049,54.17,rain,0.0,0.8
2019-01-25,0.0,0.0,,0.0,0.1
2019-01-26,0.0,0.0,,0.0,0.0
2019-01-27,0.0,0.0,,0.0,0.0
2019-01-28,0.0,0.0,,0.0,0.0
2019-01-29,0.025,8.33,rain,0.0,0.0
2019-01-30,0.167,25.0,"rain,snow",0.0,0.6
2019-01-31,0.0,0.0,,0.0,0.3
2019-02-01,0.0,0.0,,0.0,0.4
2019-02-02,0.0,0.0,,0.0,0.2
2019-02-03,0.0,0.0,,0.0,0.2
2019-02-04,0.0,0.0,,0.0,0.0
2019-02-05,0.0,0.0,,0.0,0.0
2019-02-06,0.242,12.5,"rain,snow",0.0,0.0
2019-02-07,0.339,41.67,"rain,snow",0.0,0.0
2019-02-08,0.087,25.0,rain,0.0,0.0
2019-02-09,0.0,0.0,,0.0,0.0
2019-02-10,0.0,0.0,,0.0,0.0
2019-02-11,0.0,0.0,,0.0,0.0
2019-02-12,0.72,37.5,"rain,snow",0.5,0.1
2019-02-13,0.451,45.83,rain,0.3,0.6
2019-02-14,0.0,0.0,,0.0,0.6
2019-02-15,0.105,16.67,rain,0.0,0.3
2019-02-16,0.0,0.0,,0.0,0.2
2019-02-17,0.0,0.0,"rain,snow",0.6,0.3
2019-02-18,0.303,54.17,"rain,snow",2.4,0.9
2019-02-19,0.0,0.0,,0.0,1.0
2019-02-20,0.05,8.33,"rain,snow",0.2,1.0
2019-02-21,0.419,33.33,"rain,snow",0.1,1.2
2019-02-22,0.0,0.0,,0.0,1.0
2019-02-23,0.0,0.0,,0.0,1.0
2019-02-24,0.479,50.0,rain,0.0,0.9
2019-02-25,0.008,8.33,rain,0.0,0.6
2019-02-26,0.0,0.0,,0.0,0.4
2019-02-27,0.025,8.33,snow,0.6,0.6
2019-02-28,0.166,41.67,snow,0.8,1.2
2019-03-01,0.0,0.0,,0.0,1.2
2019-03-02,0.188,41.67,"rain,snow",0.6,1.2
2019-03-03,0.032,4.17,"rain,snow",2.3,2.5
2019-03-04,0.941,50.0,"rain,snow",3.2,4.8
2019-03-05,0.0,0.0,,0.0,4.1
2019-03-06,0.0,0.0,,0.0,3.9
2019-03-07,0.0,0.0,,0.0,3.8
2019-03-08,0.0,0.0,,0.0,3.8
2019-03-09,0.0,0.0,,0.0,3.5
2019-03-10,0.47,45.83,"rain,snow",1.4,3.5
2019-03-11,0.0,0.0,,0.0,3.3
2019-03-12,0.0,0.0,,0.0,2.5
2019-03-13,0.0,0.0,,0.0,2.5
2019-03-14,0.0,0.0,,0.0,2.3
2019-03-15,0.17,12.5,rain,0.0,1.5
2019-03-16,0.021,4.17,rain,0.0,0.1
2019-03-17,0.0,0.0,,0.0,0.0
2019-03-18,0.0,0.0,,0.0,0.0
2019-03-19,0.0,0.0,,0.0,0.0
2019-03-20,0.0,0.0,,0.0,0.0
2019-03-21,0.0,0.0,,0.0,0.0
2019-03-22,0.882,79.17,rain,0.0,0.0
2019-03-23,0.046,16.67,"rain,snow",0.0,0.2
2019-03-24,0.0,0.0,,0.0,0.0
2019-03-25,0.0,0.0,,0.0,0.0
2019-03-26,0.0,0.0,,0.0,0.0
2019-03-27,0.0,0.0,,0.0,0.0
2019-03-28,0.0,0.0,,0.0,0.0
2019-03-29,0.046,20.83,rain,0.0,0.0
2019-03-30,0.0,0.0,,0.0,0.0
2019-03-31,0.1,20.83,rain,0.0,0.0
2019-04-01,0.0,0.0,,0.0,0.0
2019-04-02,0.0,0.0,,0.0,0.0
2019-04-03,0.451,33.33,rain,0.0,0.2
2019-04-04,0.0,0.0,,0.0,0.0
2019-04-05,0.062,8.33,rain,0.0,0.0
2019-04-06,0.16,25.0,rain,0.0,0.0
2019-04-07,0.0,0.0,,0.0,0.0
2019-04-08,0.328,45.83,rain,0.0,0.0
2019-04-09,0.063,8.33,rain,0.0,0.0
2019-04-10,0.012,8.33,rain,0.0,0.0
2019-04-11,0.0,0.0,,0.0,0.0
2019-04-12,0.0,0.0,,0.0,0.0
2019-04-13,0.398,45.83,rain,0.0,0.0
2019-04-14,0.038,8.33,rain,0.0,0.0
2019-04-15,0.739,41.67,rain,0.0,0.0
2019-04-16,0.0,0.0,,0.0,0.0
2019-04-17,0.0,0.0,,0.0,0.0
2019-04-18,0.0,0.0,,0.0,0.0
2019-04-19,0.0,0.0,,0.0,0.0
2019-04-20,0.212,62.5,rain,0.0,0.0
2019-04-21,0.035,20.83,rain,0.0,0.0
2019-04-22,2.04,45.83,rain,0.0,0.0
2019-04-23,0.351,37.5,rain,0.0,0.0
2019-04-24,0.116,16.67,rain,0.0,0.0
2019-04-25,0.0,0.0,,0.0,0.0
2019-04-26,0.59,50.0,rain,0.0,0.0
2019-04-27,0.821,33.33,rain,0.0,0.0
2019-04-28,0.017,12.5,rain,0.0,0.0
2019-04-29,0.0,0.0,,0.0,0.0
2019-04-30,0.151,25.0,rain,0.0,0.0
2019-05-01,0.0,0.0,,0.0,0.0
2019-05-02,0.064,20.83,rain,0.0,0.0
2019-05-03,0.112,20.83,rain,0.0,0.0
2019-05-04,0.133,12.5,rain,0.0,0.0
2019-05-05,0.016,25.0,rain,0.0,0.0
2019-05-06,0.0,0.0,,0.0,0.0
2019-05-07,0.087,16.67,rain,0.0,0.0
2019-05-08,0.0,0.0,,0.0,0.0
2019-05-09,0.0,0.0,,0.0,0.0
2019-05-10,0.011,4.17,rain,0.0,0.0
2019-05-11,0.016,8.33,rain,0.0,0.0
2019-05-12,0.424,58.33,rain,0.0,0.0
2019-05-13,0.674,25.0,rain,0.0,0.0
2019-05-14,0.301,45.83,rain,0.0,0.0
2019-05-15,0.0,0.0,,0.0,0.0
2019-05-16,0.012,8.33,rain,0.0,0.0
2019-05-17,0.231,41.67,rain,0.0,0.0
2019-05-18,0.0,0.0,,0.0,0.0
2019-05-19,0.204,12.5,rain,0.0,0.0
2019-05-20,0.155,20.83,rain,0.0,0.0
2019-05-21,0.0,0.0,,0.0,0.0
2019-05-22,0.0,0.0,,0.0,0.0
2019-05-23,0.006,12.5,rain,0.0,0.0
2019-05-24,0.136,12.5,rain,0.0,0.0
2019-05-25,0.0,0.0,,0.0,0.0
2019-05-26,0.273,12.5,rain,0.0,0.0
2019-05-27,0.0,0.0,,0.0,0.0
2019-05-28,0.294,37.5,rain,0.0,0.0
2019-05-29,0.013,8.33,rain,0.0,0.0
2019-05-30,0.014,8.33,rain,0.0,0.0
2019-05-31,0.327,12.5,rain,0.0,0.0
2019-06-01,0.0,0.0,,0.0,0.0
2019-06-02,0.0,0.0,,0.0,0.0
2019-06-03,0.08,16.67,rain,0.0,0.0
2019-06-04,0.0,0.0,,0.0,0.0
2019-06-05,0.0,0.0,,0.0,0.0
2019-06-06,0.065,16.67,rain,0.0,0.0
2019-06-07,0.0,0.0,,0.0,0.0
2019-06-08,0.0,0.0,,0.0,0.0
2019-06-09,0.0,0.0,,0.0,0.0
2019-06-10,0.001,4.17,rain,0.0,0.0
2019-06-11,0.667,58.33,rain,0.0,0.0
2019-06-12,0.0,0.0,,0.0,0.0
2019-06-13,0.575,45.83,rain,0.0,0.0
2019-06-14,0.0,0.0,,0.0,0.0
2019-06-15,0.0,0.0,,0.0,0.0
2019-06-16,0.118,45.83,rain,0.0,0.0
2019-06-17,0.0,0.0,,0.0,0.0
2019-06-18,0.116,20.83,rain,0.0,0.0
2019-06-19,0.0,0.0,,0.0,0.0
2019-06-20,0.354,29.17,rain,0.0,0.0
2019-06-21,1.094,37.5,rain,0.0,0.0
2019-06-22,0.0,0.0,,0.0,0.0
2019-06-23,0.0,0.0,,0.0,0.0
2019-06-24,0.0,0.0,,0.0,0.0
2019-06-25,0.134,29.17,rain,0.0,0.0
2019-06-26,0.0,0.0,,0.0,0.0
2019-06-27,0.0,0.0,,0.0,0.0
2019-06-28,0.0,0.0,,0.0,0.0
2019-06-29,1.505,25.0,rain,0.0,0.0
2019-06-30,0.166,16.67,rain,0.0,0.0
2019-07-01,0.0,0.0,,0.0,0.0
2019-07-02,0.0,0.0,,0.0,0.0
2019-07-03,0.0,0.0,,0.0,0.0
2019-07-04,0.0,0.0,,0.0,0.0
2019-07-05,0.0,0.0,,0.0,0.0
2019-07-06,1.31,20.83,rain,0.0,0.0
2019-07-07,0.0,0.0,,0.0,0.0
2019-07-08,0.0,0.0,,0.0,0.0
2019-07-09,0.0,0.0,,0.0,0.0
2019-07-10,0.0,0.0,,0.0,0.0
2019-07-11,0.0,0.0,,0.0,0.0
2019-07-12,0.843,58.33,rain,0.0,0.0
2019-07-13,0.0,0.0,,0.0,0.0
2019-07-14,0.0,0.0,,0.0,0.0
2019-07-15,0.0,0.0,,0.0,0.0
2019-07-16,0.0,0.0,,0.0,0.0
2019-07-17,0.516,20.83,rain,0.0,0.0
2019-07-18,0.041,8.33,rain,0.0,0.0
2019-07-19,0.0,0.0,,0.0,0.0
2019-07-20,0.0,0.0,,0.0,0.0
2019-07-21,0.0,0.0,,0.0,0.0
2019-07-22,0.735,25.0,rain,0.0,0.0
2019-07-23,1.177,58.33,rain,0.0,0.0
2019-07-24,0.001,4.17,rain,0.0,0.0
2019-07-25,0.0,0.0,,0.0,0.0
2019-07-26,0.0,0.0,,0.0,0.0
2019-07-27,0.0,0.0,,0.0,0.0
2019-07-28,0.0,0.0,,0.0,0.0
2019-07-29,0.011,8.33,rain,0.0,0.0
2019-07-30,0.0,0.0,,0.0,0.0
2019-07-31,1.168,12.5,rain,0.0,0.0
2019-08-01,0.0,0.0,,0.0,0.0
2019-08-02,0.0,0.0,,0.0,0.0
2019-08-03,0.0,0.0,,0.0,0.0
2019-08-04,0.0,0.0,,0.0,0.0
2019-08-05,0.0,0.0,,0.0,0.0
2019-08-06,0.0,0.0,,0.0,0.0
2019-08-07,0.022,8.33,rain,0.0,0.0
2019-08-08,0.133,12.5,rain,0.0,0.0
2019-08-09,0.0,0.0,,0.0,0.0
2019-08-10,0.0,0.0,,0.0,0.0
2019-08-11,0.0,0.0,,0.0,0.0
2019-08-12,0.0,0.0,,0.0,0.0
2019-08-13,0.001,4.17,rain,0.0,0.0
2019-08-14,0.0,0.0,,0.0,0.0
2019-08-15,0.0,0.0,,0.0,0.0
2019-08-16,0.0,0.0,,0.0,0.0
2019-08-17,0.0,0.0,,0.0,0.0
2019-08-18,0.147,16.67,rain,0.0,0.0
2019-08-19,0.008,8.33,rain,0.0,0.0
2019-08-20,0.0,0.0,,0.0,0.0
2019-08-21,0.056,16.67,rain,0.0,0.0
2019-08-22,0.0,0.0,,0.0,0.0
2019-08-23,0.004,12.5,rain,0.0,0.0
2019-08-24,0.0,0.0,,0.0,0.0
2019-08-25,0.0,0.0,,0.0,0.0
2019-08-26,0.0,0.0,,0.0,0.0
2019-08-27,0.0,0.0,,0.0,0.0
2019-08-28,0.39,37.5,rain,0.0,0.0
2019-08-29,0.579,25.0,rain,0.0,0.0
2019-08-30,0.0,0.0,,0.0,0.0
2019-08-31,0.0,0.0,,0.0,0.0
2019-09-01,0.0,0.0,,0.0,0.0
2019-09-02,1.036,16.67,rain,0.0,0.0
2019-09-03,0.0,0.0,,0.0,0.0
2019-09-04,0.299,4.17,rain,0.0,0.0
2019-09-05,0.0,0.0,,0.0,0.0
2019-09-06,0.0,0.0,,0.0,0.0
2019-09-07,0.045,25.0,rain,0.0,0.0
2019-09-08,0.0,0.0,,0.0,0.0
2019-09-09,0.0,0.0,,0.0,0.0
2019-09-10,0.0,0.0,,0.0,0.0
2019-09-11,0.0,0.0,,0.0,0.0
2019-09-12,0.079,12.5,rain,0.0,0.0
2019-09-13,0.0,0.0,,0.0,0.0
2019-09-14,0.122,4.17,rain,0.0,0.0
2019-09-15,0.08,4.17,rain,0.0,0.0
2019-09-16,0.0,0.0,,0.0,0.0
2019-09-17,0.0,0.0,,0.0,0.0
2019-09-18,0.0,0.0,,0.0,0.0
2019-09-19,0.0,0.0,,0.0,0.0
2019-09-20,0.0,0.0,,0.0,0.0
2019-09-21,0.0,0.0,,0.0,0.0
2019-09-22,0.0,0.0,,0.0,0.0
2019-09-23,0.0,0.0,,0.0,0.0
2019-09-24,0.132,12.5,rain,0.0,0.0
2019-09-25,0.0,0.0,,0.0,0.0
2019-09-26,0.262,12.5,rain,0.0,0.0
2019-09-27,0.0,0.0,,0.0,0.0
2019-09-28,0.0,0.0,,0.0,0.0
2019-09-29,0.0,0.0,,0.0,0.0
2019-09-30,0.0,0.0,,0.0,0.0
2019-10-01,0.05,8.33,rain,0.0,0.0
2019-10-02,0.236,20.83,rain,0.0,0.0
2019-10-03,0.004,12.5,rain,0.0,0.0
2019-10-04,0.112,25.0,rain,0.0,0.0
2019-10-05,0.0,0.0,,0.0,0.0
2019-10-06,0.0,0.0,,0.0,0.0
2019-10-07,0.142,8.33,rain,0.0,0.0
2019-10-08,0.028,12.5,rain,0.0,0.0
2019-10-09,0.071,8.33,rain,0.0,0.0
2019-10-10,0.024,8.33,rain,0.0,0.0
2019-10-11,0.359,62.5,rain,0.0,0.0
2019-10-12,0.04,45.83,rain,0.0,0.0
2019-10-13,0.0,0.0,,0.0,0.0
2019-10-14,0.0,0.0,,0.0,0.0
2019-10-15,0.0,0.0,,0.0,0.0
2019-10-16,0.082,12.5,rain,0.0,0.0
2019-10-17,1.212,29.17,rain,0.0,0.0
2019-10-18,0.0,0.0,,0.0,0.0
2019-10-19,0.0,0.0,,0.0,0.0
2019-10-20,0.0,0.0,,0.0,0.0
2019-10-21,0.002,8.33,rain,0.0,0.0
2019-10-22,0.046,12.5,rain,0.0,0.0
2019-10-23,0.495,37.5,rain,0.0,0.0
2019-10-24,0.0,0.0,,0.0,0.0
2019-10-25,0.0,0.0,,0.0,0.0
2019-10-26,0.01,8.33,rain,0.0,0.0
2019-10-27,1.431,54.17,rain,0.0,0.0
2019-10-28,0.039,16.67,rain,0.0,0.0
2019-10-29,0.041,16.67,rain,0.0,0.0
2019-10-30,0.088,25.0,rain,0.0,0.0
2019-10-31,0.088,50.0,rain,0.0,0.0
2019-11-01,0.027,37.5,rain,0.0,0.0
2019-11-02,0.0,0.0,,0.0,0.0
2019-11-03,0.0,0.0,,0.0,0.0
2019-11-04,0.0,0.0,,0.0,0.0
2019-11-05,0.401,33.33,rain,0.0,0.0
2019-11-06,0.0,0.0,,0.0,0.0
2019-11-07,0.235,29.17,rain,0.0,0.0
2019-11-08,0.0,0.0,,0.0,0.0
2019-11-09,0.0,0.0,,0.0,0.0
2019-11-10,0.0,0.0,,0.0,0.0
2019-11-11,0.0,0.0,,0.0,0.0
2019-11-12,0.082,20.83,rain,0.0,0.1
2019-11-13,0.0,0.0,,0.0,0.0
2019-11-14,0.0,0.0,,0.0,0.0
2019-11-15,0.0,0.0,,0.0,0.0
2019-11-16,0.0,0.0,,0.0,0.0
2019-11-17,0.0,0.0,,0.0,0.0
2019-11-18,0.253,41.67,rain,0.0,0.0
2019-11-19,0.245,29.17,rain,0.0,0.0
2019-11-20,0.231,50.0,rain,0.0,0.0
2019-11-21,0.0,0.0,,0.0,0.0
2019-11-22,0.098,20.83,rain,0.0,0.0
2019-11-23,0.0,0.0,,0.0,0.0
2019-11-24,1.502,70.83,rain,0.0,0.0
2019-11-25,0.0,0.0,,0.0,0.0
2019-11-26,0.0,0.0,,0.0,0.0
2019-11-27,0.2,16.67,rain,0.0,0.0
2019-11-28,0.143,29.17,rain,0.0,0.0
2019-11-29,0.0,0.0,,0.0,0.0
2019-11-30,0.0,0.0,,0.0,0.0
2019-12-01,0.495,29.17,"rain,snow",0.3,0.1
2019-12-02,0.595,91.67,"rain,snow",0.5,0.5
2019-12-03,0.146,54.17,"rain,snow",0.7,1.3
2019-12-04,0.0,0.0,"rain,snow",0.2,1.5
2019-12-05,0.0,0.0,,0.0,1.0
2019-12-06,0.043,16.67,"rain,snow",0.3,0.7
2019-12-07,0.0,0.0,"rain,snow",0.2,1.0
2019-12-08,0.0,0.0,,0.0,1.0
2019-12-09,0.559,70.83,rain,0.0,0.8
2019-12-10,0.184,50.0,rain,0.0,0.3
2019-12-11,0.235,41.67,"rain,snow",1.4,0.9
2019-12-12,0.0,0.0,,0.0,0.6
2019-12-13,0.081,25.0,rain,0.0,0.3
2019-12-14,1.277,62.5,rain,0.0,0.1
2019-12-15,0.0,0.0,,0.0,0.0
2019-12-16,0.0,0.0,,0.0,0.0
2019-12-17,0.618,70.83,"rain,snow",0.5,0.2
2019-12-18,0.0,0.0,"rain,snow",0.3,0.5
2019-12-19,0.0,0.0,,0.0,0.4
2019-12-20,0.0,0.0,,0.0,0.4
2019-12-21,0.0,0.0,,0.0,0.4
2019-12-22,0.0,0.0,,0.0,0.4
2019-12-23,0.0,0.0,,0.0,0.4
2019-12-24,0.0,0.0,,0.0,0.4
2019-12-25,0.0,0.0,,0.0,0.3
2019-12-26,0.0,0.0,,0.0,0.1
2019-12-27,0.011,4.17,rain,0.0,0.1
2019-12-28,0.0,0.0,,0.0,0.0
2019-12-29,0.052,12.5,rain,0.0,0.0
2019-12-30,1.299,100.0,rain,0.0,0.0
2019-12-31,0.288,41.67,rain,0.0,0.1
2020-01-01,0.0,0.0,,0.0,0.1
2020-01-02,0.0,0.0,,0.0,0.1
2020-01-03,0.0,0.0,,0.0,0.0
2020-01-04,0.127,33.33,rain,0.0,0.0
2020-01-05,0.127,29.17,rain,0.0,0.2
2020-01-06,0.0,0.0,,0.0,0.2
2020-01-07,0.0,0.0,,0.0,0.1
2020-01-08,0.023,8.33,"rain,snow",0.4,0.4
2020-01-09,0.0,0.0,,0.0,0.1
2020-01-10,0.0,0.0,,0.0,0.0
2020-01-11,0.0,0.0,,0.0,0.0
2020-01-12,0.023,8.33,rain,0.0,0.0
2020-01-13,0.011,4.17,rain,0.0,0.0
2020-01-14,0.001,4.17,rain,0.0,0.0
2020-01-15,0.0,0.0,,0.0,0.0
2020-01-16,0.094,20.83,rain,0.0,0.1
2020-01-17,0.0,0.0,,0.0,0.0
2020-01-18,0.213,20.83,"rain,snow",0.6,0.2
2020-01-19,0.046,8.33,"rain,snow",0.4,0.9
2020-01-20,0.0,0.0,,0.0,1.0
2020-01-21,0.0,0.0,,0.0,1.0
2020-01-22,0.0,0.0,,0.0,1.0
2020-01-23,0.0,0.0,,0.0,1.0
2020-01-24,0.0,0.0,,0.0,0.9
2020-01-25,0.683,25.0,rain,0.0,0.5
2020-01-26,0.0,0.0,,0.0,0.1
2020-01-27,0.0,0.0,,0.0,0.0
2020-01-28,0.0,0.0,,0.0,0.0
2020-01-29,0.0,0.0,,0.0,0.0
2020-01-30,0.0,0.0,,0.0,0.0
2020-01-31,0.0,0.0,,0.0,0.0
2020-02-01,0.02,8.33,rain,0.0,0.0
2020-02-02,0.0,0.0,,0.0,0.0
2020-02-03,0.0,0.0,,0.0,0.0
2020-02-04,0.0,0.0,,0.0,0.0
2020-02-05,0.06,20.83,rain,0.0,0.0
2020-02-06,0.452,62.5,"rain,snow",0.8,0.5
2020-02-07,0.325,45.83,"rain,snow",0.0,0.3
2020-02-08,0.0,0.0,,0.0,0.1
2020-02-09,0.0,0.0,,0.0,0.0
2020-02-10,0.169,41.67,rain,0.0,0.0
2020-02-11,0.19,41.67,rain,0.0,0.0
2020-02-12,0.0,0.0,,0.0,0.0
2020-02-13,0.54,41.67,"rain,snow",1.3,0.7
2020-02-14,0.0,0.0,,0.0,0.2
2020-02-15,0.0,0.0,,0.0,0.1
2020-02-16,0.0,0.0,,0.0,0.1
2020-02-17,0.0,0.0,,0.0,0.0
2020-02-18,0.437,33.33,rain,0.0,0.0
2020-02-19,0.0,0.0,,0.0,0.0
2020-02-20,0.0,0.0,,0.0,0.0
2020-02-21,0.0,0.0,,0.0,0.0
2020-02-22,0.0,0.0,,0.0,0.0
2020-02-23,0.0,0.0,,0.0,0.0
2020-02-24,0.0,0.0,,0.0,0.0
2020-02-25,0.152,12.5,rain,0.0,0.0
2020-02-26,0.246,25.0,rain,0.0,0.0
2020-02-27,0.748,33.33,rain,0.0,0.0
2020-02-28,0.0,0.0,,0.0,0.0
2020-02-29,0.0,0.0,,0.0,0.0
2020-03-01,0.0,0.0,,0.0,0.0
2020-03-02,0.0,0.0,,0.0,0.0
2020-03-03,0.034,12.5,rain,0.0,0.0
2020-03-04,0.033,8.33,rain,0.0,0.0
2020-03-05,0.0,0.0,,0.0,0.0
2020-03-06,0.0,0.0,,0.0,0.0
2020-03-07,0.001,4.17,"rain,snow",0.1,0.1
2020-03-08,0.0,0.0,,0.0,0.1
2020-03-09,0.0,0.0,,0.0,0.0
2020-03-10,0.0,0.0,,0.0,0.0
2020-03-11,0.0,0.0,,0.0,0.0
2020-03-12,0.0,0.0,,0.0,0.0
2020-03-13,0.293,33.33,rain,0.0,0.0
2020-03-14,0.0,0.0,,0.0,0.0
2020-03-15,0.0,0.0,,0.0,0.0
2020-03-16,0.0,0.0,,0.0,0.0
2020-03-17,0.035,12.5,"rain,snow",0.1,0.2
2020-03-18,0.0,0.0,,0.0,0.0
2020-03-19,0.567,45.83,rain,0.0,0.0
2020-03-20,0.02,16.67,rain,0.0,0.0
2020-03-21,0.0,0.0,,0.0,0.0
2020-03-22,0.0,0.0,,0.0,0.0
2020-03-23,1.077,33.33,"rain,snow",0.0,0.2
2020-03-24,0.69,33.33,"rain,snow",0.0,0.2
2020-03-25,0.003,12.5,rain,0.0,0.0
2020-03-26,0.0,0.0,,0.0,0.0
2020-03-27,0.011,4.17,rain,0.0,0.0
2020-03-28,0.063,16.67,rain,0.0,0.0
2020-03-29,0.724,83.33,rain,0.0,0.0
2020-03-30,0.123,29.17,rain,0.0,0.0
2020-03-31,0.018,16.67,rain,0.0,0.0
2020-04-01,0.0,0.0,,0.0,0.0
2020-04-02,0.115,58.33,rain,0.0,0.0
2020-04-03,0.915,100.0,rain,0.0,0.0
2020-04-04,0.133,29.17,rain,0.0,0.0
2020-04-05,0.0,0.0,,0.0,0.0
2020-04-06,0.0,0.0,,0.0,0.0
2020-04-07,0.0,0.0,,0.0,0.0
2020-04-08,0.073,25.0,rain,0.0,0.0
2020-04-09,0.645,37.5,rain,0.0,0.0
2020-04-10,0.015,16.67,rain,0.0,0.0
2020-04-11,0.0,0.0,,0.0,0.0
2020-04-12,0.0,0.0,,0.0,0.0
2020-04-13,0.622,66.67,rain,0.0,0.0
2020-04-14,0.0,0.0,,0.0,0.0
2020-04-15,0.001,4.17,rain,0.0,0.0
2020-04-16,0.0,0.0,,0.0,0.0
2020-04-17,0.0,0.0,rain,0.0,0.1
2020-04-18,0.682,66.67,"rain,snow",2.0,0.5
2020-04-19,0.0,0.0,,0.0,0.1
2020-04-20,0.0,0.0,,0.0,0.0
2020-04-21,0.341,29.17,rain,0.0,0.0
2020-04-22,0.0,0.0,,0.0,0.0
2020-04-23,0.0,0.0,,0.0,0.0
2020-04-24,0.224,45.83,rain,0.0,0.0
2020-04-25,0.0,0.0,,0.0,0.0
2020-04-26,0.212,37.5,rain,0.0,0.0
2020-04-27,0.615,100.0,rain,0.0,0.0
2020-04-28,0.037,12.5,rain,0.0,0.0
2020-04-29,0.0,0.0,,0.0,0.0
2020-04-30,0.004,4.17,rain,0.0,0.0
2020-05-01,0.8,37.5,rain,0.0,0.0
2020-05-02,0.032,12.5,rain,0.0,0.0
2020-05-03,0.0,0.0,,0.0,0.0
2020-05-04,0.0,0.0,,0.0,0.0
2020-05-05,0.0,0.0,,0.0,0.0
2020-05-06,0.0,0.0,,0.0,0.0
2020-05-07,0.011,4.17,rain,0.0,0.0
2020-05-08,0.189,25.0,rain,0.0,0.0
2020-05-09,0.173,29.17,rain,0.0,0.0
2020-05-10,0.0,0.0,,0.0,0.0
2020-05-11,0.232,29.17,rain,0.0,0.0
2020-05-12,0.0,0.0,,0.0,0.0
2020-05-13,0.0,0.0,,0.0,0.0
2020-05-14,0.0,0.0,,0.0,0.0
2020-05-15,0.525,25.0,rain,0.0,0.0
2020-05-16,0.202,16.67,rain,0.0,0.0
2020-05-17,0.0,0.0,,0.0,0.0
2020-05-18,0.0,0.0,,0.0,0.0
2020-05-19,0.0,0.0,,0.0,0.0
2020-05-20,0.0,0.0,,0.0,0.0
2020-05-21,0.0,0.0,,0.0,0.0
2020-05-22,0.0,0.0,,0.0,0.0
2020-05-23,0.001,4.17,rain,0.0,0.0
2020-05-24,0.0,0.0,,0.0,0.0
2020-05-25,0.001,4.17,rain,0.0,0.0
2020-05-26,0.0,0.0,,0.0,0.0
2020-05-27,0.0,0.0,,0.0,0.0
2020-05-28,0.0,0.0,,0.0,0.0
2020-05-29,0.001,4.17,rain,0.0,0.0
2020-05-30,0.091,12.5,rain,0.0,0.0
2020-05-31,0.0,0.0,,0.0,0.0
2020-06-01,0.0,0.0,,0.0,0.0
2020-06-02,0.021,8.33,rain,0.0,0.0
2020-06-03,0.011,4.17,rain,0.0,0.0
2020-06-04,0.0,0.0,,0.0,0.0
2020-06-05,0.151,12.5,rain,0.0,0.0
2020-06-06,0.231,20.83,rain,0.0,0.0
2020-06-07,0.0,0.0,,0.0,0.0
2020-06-08,0.0,0.0,,0.0,0.0
2020-06-09,0.0,0.0,,0.0,0.0
2020-06-10,0.0,0.0,,0.0,0.0
2020-06-11,0.582,25.0,rain,0.0,0.0
2020-06-12,0.164,4.17,rain,0.0,0.0
2020-06-13,0.0,0.0,,0.0,0.0
2020-06-14,0.0,0.0,,0.0,0.0
2020-06-15,0.0,0.0,,0.0,0.0
2020-06-16,0.0,0.0,,0.0,0.0
2020-06-17,0.0,0.0,,0.0,0.0
2020-06-18,0.0,0.0,,0.0,0.0
2020-06-19,0.0,0.0,,0.0,0.0
2020-06-20,0.0,0.0,,0.0,0.0
2020-06-21,0.0,0.0,,0.0,0.0
2020-06-22,0.0,0.0,,0.0,0.0
2020-06-23,0.0,0.0,,0.0,0.0
2020-06-24,0.01,4.17,rain,0.0,0.0
2020-06-25,0.0,0.0,,0.0,0.0
2020-06-26,0.0,0.0,,0.0,0.0
2020-06-27,0.029,12.5,rain,0.0,0.0
2020-06-28,1.366,41.67,rain,0.0,0.0
2020-06-29,0.309,41.67,rain,0.0,0.0
2020-06-30,0.164,20.83,rain,0.0,0.0
2020-07-01,0.076,20.83,rain,0.0,0.0
2020-07-02,0.0,0.0,,0.0,0.0
2020-07-03,0.0,0.0,,0.0,0.0
2020-07-04,0.0,0.0,,0.0,0.0
2020-07-05,0.061,8.33,rain,0.0,0.0
2020-07-06,0.088,4.17,rain,0.0,0.0
2020-07-07,0.0,0.0,,0.0,0.0
2020-07-08,0.0,0.0,,0.0,0.0
2020-07-09,0.0,0.0,,0.0,0.0
2020-07-10,0.0,0.0,,0.0,0.0
2020-07-11,0.016,8.33,rain,0.0,0.0
2020-07-12,0.0,0.0,,0.0,0.0
2020-07-13,0.08,20.83,rain,0.0,0.0
2020-07-14,0.56,12.5,rain,0.0,0.0
2020-07-15,0.042,12.5,rain,0.0,0.0
2020-07-16,0.0,0.0,,0.0,0.0
2020-07-17,0.1,12.5,rain,0.0,0.0
2020-07-18,0.0,0.0,,0.0,0.0
2020-07-19,0.0,0.0,,0.0,0.0
2020-07-20,0.0,0.0,,0.0,0.0
2020-07-21,0.0,0.0,,0.0,0.0
2020-07-22,0.11,29.17,rain,0.0,0.0
2020-07-23,0.764,16.67,rain,0.0,0.0
2020-07-24,0.0,0.0,,0.0,0.0
2020-07-25,0.0,0.0,,0.0,0.0
2020-07-26,0.0,0.0,,0.0,0.0
2020-07-27,0.0,0.0,,0.0,0.0
2020-07-28,0.005,4.17,rain,0.0,0.0
2020-07-29,0.0,0.0,,0.0,0.0
2020-07-30,0.0,0.0,,0.0,0.0
2020-07-31,0.0,0.0,,0.0,0.0
2020-08-01,0.0,0.0,,0.0,0.0
2020-08-02,0.065,4.17,rain,0.0,0.0
2020-08-03,0.0,0.0,,0.0,0.0
2020-08-04,0.166,8.33,rain,0.0,0.0
2020-08-05,0.0,0.0,,0.0,0.0
2020-08-06,0.0,0.0,,0.0,0.0
2020-08-07,0.0,0.0,,0.0,0.0
2020-08-08,0.0,0.0,,0.0,0.0
2020-08-09,0.0,0.0,,0.0,0.0
2020-08-10,0.0,0.0,,0.0,0.0
2020-08-11,0.0,0.0,,0.0,0.0
2020-08-12,0.0,0.0,,0.0,0.0
2020-08-13,0.0,0.0,,0.0,0.0
2020-08-14,0.0,0.0,,0.0,0.0
2020-08-15,0.0,0.0,,0.0,0.0
2020-08-16,0.145,33.33,rain,0.0,0.0
2020-08-17,0.107,16.67,rain,0.0,0.0
2020-08-18,0.158,16.67,rain,0.0,0.0
2020-08-19,0.058,12.5,rain,0.0,0.0
2020-08-20,0.0,0.0,,0.0,0.0
2020-08-21,0.0,0.0,,0.0,0.0
2020-08-22,0.087,16.67,rain,0.0,0.0
2020-08-23,1.392,20.83,rain,0.0,0.0
2020-08-24,0.0,0.0,,0.0,0.0
2020-08-25,0.0,0.0,,0.0,0.0
2020-08-26,0.0,0.0,,0.0,0.0
2020-08-27,0.168,16.67,rain,0.0,0.0
2020-08-28,0.0,0.0,,0.0,0.0
2020-08-29,0.072,16.67,rain,0.0,0.0
2020-08-30,0.0,0.0,,0.0,0.0
2020-08-31,0.0,0.0,,0.0,0.0
2020-09-01,0.0,0.0,,0.0,0.0
2020-09-02,0.194,20.83,rain,0.0,0.0
2020-09-03,0.015,12.5,rain,0.0,0.0
2020-09-04,0.0,0.0,,0.0,0.0
2020-09-05,0.0,0.0,,0.0,0.0
2020-09-06,0.0,0.0,,0.0,0.0
2020-09-07,0.0,0.0,,0.0,0.0
2020-09-08,0.0,0.0,,0.0,0.0
2020-09-09,0.0,0.0,,0.0,0.0
2020-09-10,0.282,29.17,rain,0.0,0.0
2020-09-11,0.0,0.0,,0.0,0.0
2020-09-12,0.0,0.0,,0.0,0.0
2020-09-13,0.0,0.0,,0.0,0.0
2020-09-14,0.0,0.0,,0.0,0.0
2020-09-15,0.0,0.0,,0.0,0.0
2020-09-16,0.0,0.0,,0.0,0.0
2020-09-17,0.0,0.0,,0.0,0.0
2020-09-18,0.0,0.0,,0.0,0.0
2020-09-19,0.0,0.0,,0.0,0.0
2020-09-20,0.0,0.0,,0.0,0.0
2020-09-21,0.0,0.0,,0.0,0.0
2020-09-22,0.0,0.0,,0.0,0.0
2020-09-23,0.0,0.0,,0.0,0.0
2020-09-24,0.0,0.0,,0.0,0.0
2020-09-25,0.0,0.0,,0.0,0.0
2020-09-26,0.0,0.0,,0.0,0.0
2020-09-27,0.0,0.0,,0.0,0.0
2020-09-28,0.048,12.5,rain,0.0,0.0
2020-09-29,0.0,0.0,,0.0,0.0
2020-09-30,0.52,37.5,rain,0.0,0.0
2020-10-01,0.0,0.0,,0.0,0.0
2020-10-02,0.021,8.33,rain,0.0,0.0
2020-10-03,0.0,0.0,,0.0,0.0
2020-10-04,0.0,0.0,,0.0,0.0
2020-10-05,0.002,8.33,rain,0.0,0.0
2020-10-06,0.0,0.0,,0.0,0.0
2020-10-07,0.018,4.17,rain,0.0,0.0
2020-10-08,0.0,0.0,,0.0,0.0
2020-10-09,0.0,0.0,,0.0,0.0
2020-10-10,0.0,0.0,,0.0,0.0
2020-10-11,0.0,0.0,,0.0,0.0
2020-10-12,0.0,0.0,,0.0,0.0
2020-10-13,1.352,75.0,rain,0.0,0.0
2020-10-14,0.011,4.17,rain,0.0,0.0
2020-10-15,0.0,0.0,,0.0,0.0
2020-10-16,0.421,33.33,rain,0.0,0.0
2020-10-17,1.316,41.67,rain,0.0,0.0
2020-10-18,0.0,0.0,,0.0,0.0
2020-10-19,0.0,0.0,,0.0,0.0
2020-10-20,0.0,0.0,,0.0,0.0
2020-10-21,0.062,20.83,rain,0.0,0.0
2020-10-22,0.0,0.0,,0.0,0.0
2020-10-23,0.0,0.0,,0.0,0.0
2020-10-24,0.0,0.0,,0.0,0.0
2020-10-25,0.0,0.0,,0.0,0.0
2020-10-26,0.011,8.33,rain,0.0,0.0
2020-10-27,0.0,0.0,,0.0,0.0
2020-10-28,0.29,54.17,rain,0.0,0.0
2020-10-29,0.88,50.0,rain,0.0,0.0
2020-10-30,0.342,66.67,"rain,snow",0.6,0.2
2020-10-31,0.0,0.0,"rain,snow",0.4,0.9
2020-11-01,0.635,37.5,rain,0.0,0.8
2020-11-02,0.0,0.0,,0.0,0.1
2020-11-03,0.0,0.0,,0.0,0.0
2020-11-04,0.0,0.0,,0.0,0.0
2020-11-05,0.0,0.0,,0.0,0.0
2020-11-06,0.0,0.0,,0.0,0.0
2020-11-07,0.0,0.0,,0.0,0.0
2020-11-08,0.0,0.0,,0.0,0.0
2020-11-09,0.0,0.0,,0.0,0.0
2020-11-10,0.0,0.0,,0.0,0.0
2020-11-11,0.001,4.17,rain,0.0,0.0
2020-11-12,0.017,12.5,rain,0.0,0.0
2020-11-13,0.232,54.17,rain,0.0,0.0
2020-11-14,0.0,0.0,,0.0,0.0
2020-11-15,0.117,12.5,rain,0.0,0.0
2020-11-16,0.312,12.5,rain,0.0,0.0
2020-11-17,0.0,0.0,,0.0,0.0
2020-11-18,0.0,0.0,,0.0,0.0
2020-11-19,0.0,0.0,,0.0,0.0
2020-11-20,0.0,0.0,,0.0,0.0
2020-11-21,0.0,0.0,,0.0,0.0
2020-11-22,0.0,0.0,,0.0,0.0
2020-11-23,1.808,37.5,rain,0.0,0.0
2020-11-24,0.0,0.0,,0.0,0.0
2020-11-25,0.011,4.17,rain,0.0,0.0
2020-11-26,0.299,45.83,rain,0.0,0.0
2020-11-27,0.0,0.0,,0.0,0.0
2020-11-28,0.0,0.0,,0.0,0.0
2020-11-29,0.0,0.0,,0.0,0.0
2020-11-30,0.895,50.0,rain,0.0,0.0
2020-12-01,0.482,16.67,rain,0.0,0.0
2020-12-02,0.0,0.0,,0.0,0.0
2020-12-03,0.0,0.0,,0.0,0.0
2020-12-04,0.026,12.5,rain,0.0,0.0
2020-12-05,1.736,91.67,"rain,snow",0.0,0.3
2020-12-06,0.001,4.17,"rain,snow",1.4,1.4
2020-12-07,0.0,0.0,,0.0,1.1
2020-12-08,0.0,0.0,snow,0.0,1.0
2020-12-09,0.0,0.0,,0.0,0.8
2020-12-10,0.0,0.0,,0.0,0.6
2020-12-11,0.0,0.0,,0.0,0.0
2020-12-12,0.465,29.17,rain,0.0,0.0
2020-12-13,0.0,0.0,,0.0,0.0
2020-12-14,0.073,33.33,"rain,snow",0.3,0.1
2020-12-15,0.0,0.0,,0.0,0.1
2020-12-16,0.011,4.17,"rain,snow",2.6,0.9
2020-12-17,0.325,54.17,"rain,snow",7.0,3.8
2020-12-18,0.0,0.0,snow,0.0,4.1
2020-12-19,0.0,0.0,,0.0,3.9
2020-12-20,0.031,8.33,"rain,snow",0.0,3.1
2020-12-21,0.0,0.0,,0.0,2.8
2020-12-22,0.0,0.0,,0.0,2.4
2020-12-23,0.0,0.0,,0.0,2.2
2020-12-24,0.0,0.0,,0.0,1.8
2020-12-25,1.55,70.83,rain,0.0,0.3
2020-12-26,0.0,0.0,,0.0,0.1
2020-12-27,0.0,0.0,,0.0,0.0
2020-12-28,0.0,0.0,,0.0,0.0
2020-12-29,0.0,0.0,,0.0,0.0
2020-12-30,0.0,0.0,,0.0,0.0
2020-12-31,0.102,12.5,rain,0.0,0.0
2021-01-01,0.033,4.17,rain,0.0,0.0
2021-01-02,0.47,50.0,rain,0.2,0.3
2021-01-03,0.033,16.67,"rain,snow",0.0,0.0
2021-01-04,0.0,0.0,"rain,snow",0.1,0.2
2021-01-05,0.011,4.17,"rain,snow",0.0,0.0
2021-01-06,0.0,0.0,,0.0,0.0
2021-01-07,0.0,0.0,,0.0,0.0
2021-01-08,0.0,0.0,,0.0,0.0
2021-01-09,0.0,0.0,,0.0,0.0
2021-01-10,0.0,0.0,,0.0,0.0
2021-01-11,0.0,0.0,,0.0,0.0
2021-01-12,0.0,0.0,,0.0,0.0
2021-01-13,0.0,0.0,,0.0,0.0
2021-01-14,0.108,41.67,"rain,snow",0.0,0.0
2021-01-15,0.0,0.0,,0.0,0.0
2021-01-16,1.099,50.0,rain,0.0,0.0
2021-01-17,0.0,0.0,,0.0,0.0
2021-01-18,0.0,0.0,,0.0,0.0
2021-01-19,0.0,0.0,,0.0,0.0
2021-01-20,0.0,0.0,,0.0,0.0
2021-01-21,0.0,0.0,,0.0,0.0
2021-01-22,0.0,0.0,,0.0,0.0
2021-01-23,0.0,0.0,,0.0,0.0
2021-01-24,0.0,0.0,,0.0,0.0
2021-01-25,0.0,0.0,,0.0,0.0
2021-01-26,0.204,25.0,"rain,snow",0.8,0.3
2021-01-27,0.088,37.5,"rain,snow",0.5,1.1
2021-01-28,0.056,29.17,"rain,snow",0.4,1.0
2021-01-29,0.0,0.0,,0.0,1.0
2021-01-30,0.0,0.0,,0.0,1.0
2021-01-31,0.0,0.0,,0.0,1.0
2021-02-01,0.669,41.67,"rain,snow",0.6,1.2
2021-02-02,0.293,54.17,"rain,snow",0.5,1.8
2021-02-03,0.0,0.0,,0.0,1.7
2021-02-04,0.011,4.17,"rain,snow",0.0,1.6
2021-02-05,0.012,8.33,rain,0.0,1.5
2021-02-06,0.0,0.0,,0.0,1.3
2021-02-07,0.435,33.33,"rain,snow",1.8,1.8
2021-02-08,0.0,0.0,"rain,snow",1.1,3.8
2021-02-09,0.173,33.33,snow,0.3,3.6
2021-02-10,0.0,0.0,snow,0.2,3.7
2021-02-11,0.0,0.0,,0.0,3.5
2021-02-12,0.0,0.0,,0.0,3.4
2021-02-13,0.0,0.0,,0.0,3.1
2021-02-14,0.0,0.0,,0.0,3.1
2021-02-15,0.034,16.67,"rain,snow",0.0,3.0
2021-02-16,0.63,50.0,"rain,snow",0.0,2.7
2021-02-17,0.0,0.0,,0.0,2.3
2021-02-18,0.092,20.83,"rain,snow",0.6,2.4
2021-02-19,0.426,83.33,"rain,snow",1.3,3.3
2021-02-20,0.0,0.0,snow,0.5,4.4
2021-02-21,0.0,0.0,,0.0,4.4
2021-02-22,0.178,29.17,rain,0.0,4.0
2021-02-23,0.0,0.0,,0.0,3.4
2021-02-24,0.0,0.0,,0.0,3.1
2021-02-25,0.0,0.0,,0.0,2.9
2021-02-26,0.0,0.0,,0.0,2.9
2021-02-27,0.179,33.33,"rain,snow",0.0,2.8
2021-02-28,0.0,0.0,,0.0,2.4
2021-03-01,0.208,41.67,rain,0.0,2.2
2021-03-02,0.0,0.0,,0.0,1.9
2021-03-03,0.0,0.0,,0.0,1.9
2021-03-04,0.0,0.0,,0.0,1.8
2021-03-05,0.0,0.0,,0.0,1.6
2021-03-06,0.0,0.0,,0.0,1.6
2021-03-07,0.0,0.0,,0.0,1.6
2021-03-08,0.0,0.0,,0.0,1.6
2021-03-09,0.0,0.0,,0.0,1.5
2021-03-10,0.0,0.0,,0.0,1.2
2021-03-11,0.0,0.0,,0.0,0.8
2021-03-12,0.0,0.0,,0.0,0.1
2021-03-13,0.0,0.0,,0.0,0.0
2021-03-14,0.0,0.0,,0.0,0.0
2021-03-15,0.0,0.0,,0.0,0.0
2021-03-16,0.0,0.0,,0.0,0.0
2021-03-17,0.0,0.0,,0.0,0.0
2021-03-18,0.602,33.33,rain,0.0,0.0
2021-03-19,0.02,12.5,rain,0.0,0.1
2021-03-20,0.0,0.0,,0.0,0.0
2021-03-21,0.0,0.0,,0.0,0.0
2021-03-22,0.0,0.0,,0.0,0.0
2021-03-23,0.0,0.0,,0.0,0.0
2021-03-24,0.0,0.0,,0.0,0.0
2021-03-25,0.128,29.17,rain,0.0,0.0
2021-03-26,0.011,8.33,rain,0.0,0.0
2021-03-27,0.0,0.0,,0.0,0.0
2021-03-28,0.549,37.5,rain,0.0,0.0
2021-03-29,0.13,12.5,rain,0.0,0.0
2021-03-30,0.0,0.0,,0.0,0.0
2021-03-31,0.006,4.17,rain,0.0,0.0
2021-04-01,1.081,45.83,rain,0.0,0.0
2021-04-02,0.0,0.0,,0.0,0.0
2021-04-03,0.0,0.0,,0.0,0.0
2021-04-04,0.0,0.0,,0.0,0.0
2021-04-05,0.0,0.0,,0.0,0.0
2021-04-06,0.0,0.0,,0.0,0.0
2021-04-07,0.0,0.0,,0.0,0.0
2021-04-08,0.0,0.0,,0.0,0.0
2021-04-09,0.0,0.0,,0.0,0.0
2021-04-10,0.0,0.0,,0.0,0.0
2021-04-11,0.0,0.0,,0.0,0.0
2021-04-12,0.002,8.33,rain,0.0,0.0
2021-04-13,0.0,0.0,,0.0,0.0
2021-04-14,0.0,0.0,,0.0,0.0
2021-04-15,0.156,20.83,rain,0.0,0.0
2021-04-16,1.644,100.0,"rain,snow",0.0,0.4
2021-04-17,0.088,33.33,rain,0.0,0.0
2021-04-18,0.0,0.0,,0.0,0.0
2021-04-19,0.011,4.17,rain,0.0,0.0
2021-04-20,0.0,0.0,,0.0,0.0
2021-04-21,0.258,20.83,rain,0.0,0.0
2021-04-22,0.0,0.0,,0.0,0.0
2021-04-23,0.0,0.0,,0.0,0.0
2021-04-24,0.0,0.0,,0.0,0.0
2021-04-25,0.123,20.83,rain,0.0,0.0
2021-04-26,0.0,0.0,,0.0,0.0
2021-04-27,0.0,0.0,,0.0,0.0
2021-04-28,0.223,20.83,rain,0.0,0.0
2021-04-29,0.774,50.0,rain,0.0,0.0
2021-04-30,0.108,20.83,rain,0.0,0.0
2021-05-01,0.126,12.5,rain,0.0,0.0
2021-05-02,0.011,4.17,rain,0.0,0.0
2021-05-03,0.011,4.17,rain,0.0,0.0
2021-05-04,0.653,54.17,rain,0.0,0.0
2021-05-05,0.532,62.5,rain,0.0,0.0
2021-05-06,0.012,8.33,rain,0.0,0.0
2021-05-07,0.0,0.0,,0.0,0.0
2021-05-08,0.0,0.0,,0.0,0.0
2021-05-09,0.0,0.0,,0.0,0.0
2021-05-10,0.343,25.0,rain,0.0,0.0
2021-05-11,0.0,0.0,,0.0,0.0
2021-05-12,0.0,0.0,,0.0,0.0
2021-05-13,0.0,0.0,,0.0,0.0
2021-05-14,0.0,0.0,,0.0,0.0
2021-05-15,0.0,0.0,,0.0,0.0
2021-05-16,0.011,8.33,rain,0.0,0.0
2021-05-17,0.0,0.0,,0.0,0.0
2021-05-18,0.0,0.0,,0.0,0.0
2021-05-19,0.0,0.0,,0.0,0.0
2021-05-20,0.0,0.0,,0.0,0.0
2021-05-21,0.0,0.0,,0.0,0.0
2021-05-22,0.0,0.0,,0.0,0.0
2021-05-23,0.0,0.0,,0.0,0.0
2021-05-24,0.0,0.0,,0.0,0.0
2021-05-25,0.0,0.0,,0.0,0.0
2021-05-26,0.206,8.33,rain,0.0,0.0
2021-05-27,0.076,16.67,rain,0.0,0.0
2021-05-28,0.516,16.67,rain,0.0,0.0
2021-05-29,1.661,75.0,rain,0.0,0.0
2021-05-30,0.716,62.5,rain,0.0,0.0
2021-05-31,0.164,37.5,rain,0.0,0.0
2021-06-01,0.0,0.0,,0.0,0.0
2021-06-02,0.0,0.0,,0.0,0.0
2021-06-03,0.0,0.0,,0.0,0.0
2021-06-04,0.102,12.5,rain,0.0,0.0
2021-06-05,0.0,0.0,,0.0,0.0
2021-06-06,0.0,0.0,,0.0,0.0
2021-06-07,0.0,0.0,,0.0,0.0
2021-06-08,0.004,12.5,rain,0.0,0.0
2021-06-09,0.047,16.67,rain,0.0,0.0
2021-06-10,0.0,0.0,,0.0,0.0
2021-06-11,0.006,4.17,rain,0.0,0.0
2021-06-12,0.666,37.5,rain,0.0,0.0
2021-06-13,0.0,0.0,,0.0,0.0
2021-06-14,0.543,33.33,rain,0.0,0.0
2021-06-15,0.011,4.17,rain,0.0,0.0
2021-06-16,0.0,0.0,,0.0,0.0
2021-06-17,0.0,0.0,,0.0,0.0
2021-06-18,0.0,0.0,,0.0,0.0
2021-06-19,0.008,8.33,rain,0.0,0.0
2021-06-20,0.001,4.17,rain,0.0,0.0
2021-06-21,0.0,0.0,,0.0,0.0
2021-06-22,0.892,33.33,rain,0.0,0.0
2021-06-23,0.005,8.33,rain,0.0,0.0
2021-06-24,0.0,0.0,,0.0,0.0
2021-06-25,0.099,29.17,rain,0.0,0.0
2021-06-26,0.0,0.0,,0.0,0.0
2021-06-27,0.0,0.0,,0.0,0.0
2021-06-28,0.0,0.0,,0.0,0.0
2021-06-29,0.0,0.0,,0.0,0.0
2021-06-30,0.197,20.83,rain,0.0,0.0
2021-07-01,0.879,25.0,rain,0.0,0.0
2021-07-02,1.963,79.17,rain,0.0,0.0
2021-07-03,1.536,95.83,rain,0.0,0.0
2021-07-04,0.393,25.0,rain,0.0,0.0
2021-07-05,0.011,4.17,rain,0.0,0.0
2021-07-06,0.272,25.0,rain,0.0,0.0
2021-07-07,0.071,4.17,rain,0.0,0.0
2021-07-08,0.242,25.0,rain,0.0,0.0
2021-07-09,2.131,66.67,rain,0.0,0.0
2021-07-10,0.148,20.83,rain,0.0,0.0
2021-07-11,0.029,8.33,rain,0.0,0.0
2021-07-12,1.205,33.33,rain,0.0,0.0
2021-07-13,0.012,8.33,rain,0.0,0.0
2021-07-14,0.0,0.0,,0.0,0.0
2021-07-15,0.0,0.0,,0.0,0.0
2021-07-16,0.018,4.17,rain,0.0,0.0
2021-07-17,0.193,25.0,rain,0.0,0.0
2021-07-18,0.297,50.0,rain,0.0,0.0
2021-07-19,0.005,8.33,rain,0.0,0.0
2021-07-20,0.0,0.0,,0.0,0.0
2021-07-21,0.021,8.33,rain,0.0,0.0
2021-07-22,0.0,0.0,,0.0,0.0
2021-07-23,0.0,0.0,,0.0,0.0
2021-07-24,0.0,0.0,,0.0,0.0
2021-07-25,0.146,25.0,rain,0.0,0.0
2021-07-26,0.0,0.0,,0.0,0.0
2021-07-27,0.109,4.17,rain,0.0,0.0
2021-07-28,0.132,8.33,rain,0.0,0.0
2021-07-29,0.0,0.0,,0.0,0.0
2021-07-30,0.153,20.83,rain,0.0,0.0
2021-07-31,0.0,0.0,,0.0,0.0
2021-08-01,0.0,0.0,,0.0,0.0
2021-08-02,0.0,0.0,,0.0,0.0
2021-08-03,0.0,0.0,,0.0,0.0
2021-08-04,0.042,16.67,rain,0.0,0.0
2021-08-05,1.945,79.17,rain,0.0,0.0
2021-08-06,0.0,0.0,,0.0,0.0
2021-08-07,0.0,0.0,,0.0,0.0
2021-08-08,0.0,0.0,,0.0,0.0
2021-08-09,1.0,20.83,rain,0.0,0.0
2021-08-10,0.088,20.83,rain,0.0,0.0
2021-08-11,0.0,0.0,,0.0,0.0
2021-08-12,0.006,4.17,rain,0.0,0.0
2021-08-13,0.0,0.0,,0.0,0.0
2021-08-14,0.011,8.33,rain,0.0,0.0
2021-08-15,0.0,0.0,,0.0,0.0
2021-08-16,0.0,0.0,,0.0,0.0
2021-08-17,0.0,0.0,,0.0,0.0
2021-08-18,0.0,0.0,,0.0,0.0
2021-08-19,1.091,25.0,rain,0.0,0.0
2021-08-20,0.046,8.33,rain,0.0,0.0
2021-08-21,0.0,0.0,,0.0,0.0
2021-08-22,0.737,33.33,rain,0.0,0.0
2021-08-23,1.185,25.0,rain,0.0,0.0
2021-08-24,0.439,8.33,rain,0.0,0.0
2021-08-25,0.0,0.0,,0.0,0.0
2021-08-26,0.0,0.0,,0.0,0.0
2021-08-27,0.0,0.0,,0.0,0.0
2021-08-28,0.072,12.5,rain,0.0,0.0
2021-08-29,0.072,12.5,rain,0.0,0.0
2021-08-30,0.0,0.0,,0.0,0.0
2021-08-31,0.018,4.17,rain,0.0,0.0
2021-09-01,0.822,45.83,rain,0.0,0.0
2021-09-02,3.368,37.5,rain,0.0,0.0
2021-09-03,0.0,0.0,,0.0,0.0
2021-09-04,0.0,0.0,,0.0,0.0
2021-09-05,0.012,4.17,rain,0.0,0.0
2021-09-06,0.037,8.33,rain,0.0,0.0
2021-09-07,0.0,0.0,,0.0,0.0
2021-09-08,0.0,0.0,,0.0,0.0
2021-09-09,0.58,66.67,rain,0.0,0.0
2021-09-10,0.558,16.67,rain,0.0,0.0
2021-09-11,0.0,0.0,,0.0,0.0
2021-09-12,0.0,0.0,,0.0,0.0
2021-09-13,0.06,12.5,rain,0.0,0.0
2021-09-14,0.0,0.0,,0.0,0.0
2021-09-15,0.0,0.0,,0.0,0.0
2021-09-16,0.301,20.83,rain,0.0,0.0
2021-09-17,0.0,0.0,,0.0,0.0
2021-09-18,0.02,4.17,rain,0.0,0.0
2021-09-19,0.274,20.83,rain,0.0,0.0
2021-09-20,0.0,0.0,,0.0,0.0
2021-09-21,0.0,0.0,,0.0,0.0
2021-09-22,0.002,4.17,rain,0.0,0.0
2021-09-23,0.03,4.17,rain,0.0,0.0
2021-09-24,0.011,16.67,rain,0.0,0.0
2021-09-25,0.016,12.5,rain,0.0,0.0
2021-09-26,0.559,29.17,rain,0.0,0.0
2021-09-27,0.0,0.0,,0.0,0.0
2021-09-28,0.685,45.83,rain,0.0,0.0
2021-09-29,0.0,0.0,,0.0,0.0
2021-09-30,0.002,8.33,rain,0.0,0.0
2021-10-01,0.0,0.0,,0.0,0.0
2021-10-02,0.0,0.0,,0.0,0.0
2021-10-03,0.007,12.5,rain,0.0,0.0
2021-10-04,0.956,87.5,rain,0.0,0.0
2021-10-05,0.615,29.17,rain,0.0,0.0
2021-10-06,0.0,0.0,,0.0,0.0
2021-10-07,0.0,0.0,,0.0,0.0
2021-10-08,0.0,0.0,,0.0,0.0
2021-10-09,0.002,8.33,rain,0.0,0.0
2021-10-10,0.0,0.0,,0.0,0.0
2021-10-11,0.0,0.0,,0.0,0.0
2021-10-12,0.0,0.0,,0.0,0.0
2021-10-13,0.0,0.0,,0.0,0.0
2021-10-14,0.0,0.0,,0.0,0.0
2021-10-15,0.0,0.0,,0.0,0.0
2021-10-16,0.002,4.17,rain,0.0,0.0
2021-10-17,0.332,25.0,rain,0.0,0.0
2021-10-18,0.0,0.0,,0.0,0.0
2021-10-19,0.0,0.0,,0.0,0.0
2021-10-20,0.0,0.0,,0.0,0.0
2021-10-21,0.0,0.0,,0.0,0.0
2021-10-22,0.0,0.0,,0.0,0.0
2021-10-23,0.0,0.0,,0.0,0.0
2021-10-24,0.0,0.0,,0.0,0.0
2021-10-25,0.715,58.33,rain,0.0,0.0
2021-10-26,1.002,75.0,rain,0.0,0.0
2021-10-27,0.263,79.17,rain,0.0,0.0
2021-10-28,0.0,0.0,,0.0,0.0
2021-10-29,0.0,0.0,,0.0,0.0
2021-10-30,0.976,62.5,rain,0.0,0.0
2021-10-31,0.486,41.67,rain,0.0,0.0
2021-11-01,0.0,0.0,,0.0,0.0
2021-11-02,0.0,0.0,,0.0,0.0
2021-11-03,0.0,0.0,,0.0,0.0
2021-11-04,0.0,0.0,,0.0,0.0
2021-11-05,0.0,0.0,,0.0,0.0
2021-11-06,0.0,0.0,,0.0,0.0
2021-11-07,0.0,0.0,,0.0,0.0
2021-11-08,0.0,0.0,,0.0,0.0
2021-11-09,0.0,0.0,,0.0,0.0
2021-11-10,0.0,0.0,,0.0,0.0
2021-11-11,0.0,0.0,,0.0,0.0
2021-11-12,0.592,45.83,rain,0.0,0.0
2021-11-13,0.192,8.33,rain,0.0,0.0
2021-11-14,0.0,0.0,,0.0,0.0
2021-11-15,0.088,16.67,rain,0.0,0.0
2021-11-16,0.0,0.0,,0.0,0.0
2021-11-17,0.0,0.0,,0.0,0.0
2021-11-18,0.0,0.0,,0.0,0.0
2021-11-19,0.281,20.83,rain,0.0,0.0
2021-11-20,0.0,0.0,,0.0,0.0
2021-11-21,0.0,0.0,,0.0,0.0
2021-11-22,0.209,29.17,rain,0.0,0.0
2021-11-23,0.0,0.0,,0.0,0.0
2021-11-24,0.0,0.0,,0.0,0.0
2021-11-25,0.0,0.0,,0.0,0.0
2021-11-26,0.05,41.67,"rain,snow",0.0,0.0
2021-11-27,0.0,0.0,,0.0,0.0
2021-11-28,0.0,0.0,,0.0,0.0
2021-11-29,0.0,0.0,,0.0,0.0
2021-11-30,0.0,0.0,,0.0,0.0
2021-12-01,0.0,0.0,,0.0,0.0
2021-12-02,0.012,8.33,rain,0.0,0.0
2021-12-03,0.011,4.17,rain,0.0,0.0
2021-12-04,0.0,0.0,,0.0,0.0
2021-12-05,0.0,0.0,,0.0,0.0
2021-12-06,0.211,25.0,rain,0.0,0.0
2021-12-07,0.0,0.0,,0.0,0.0
2021-12-08,0.001,4.17,"rain,snow",0.3,0.1
2021-12-09,0.011,4.17,"rain,snow",0.2,0.3
2021-12-10,0.0,0.0,,0.0,0.1
2021-12-11,0.255,25.0,rain,0.0,0.0
2021-12-12,0.046,8.33,rain,0.0,0.0
2021-12-13,0.0,0.0,,0.0,0.0
2021-12-14,0.0,0.0,,0.0,0.0
2021-12-15,0.018,4.17,rain,0.0,0.0
2021-12-16,0.185,33.33,rain,0.0,0.0
2021-12-17,0.0,0.0,,0.0,0.0
2021-12-18,0.472,41.67,"rain,snow",0.0,0.0
2021-12-19,0.466,37.5,"rain,snow",0.0,0.0
2021-12-20,0.0,0.0,,0.0,0.0
2021-12-21,0.0,0.0,,0.0,0.0
2021-12-22,0.091,8.33,rain,0.0,0.0
2021-12-23,0.0,0.0,,0.0,0.0
2021-12-24,0.0,0.0,,0.0,0.5
2021-12-25,0.322,37.5,"rain,snow",0.0,0.5
2021-12-26,0.231,20.83,"rain,snow",0.0,0.5
2021-12-27,0.0,0.0,,0.0,0.0
2021-12-28,0.047,25.0,"rain,snow",0.2,0.1
2021-12-29,0.002,4.17,rain,0.0,0.0
2021-12-30,0.055,16.67,rain,0.0,0.0
2021-12-31,0.0,0.0,,0.0,0.0
2022-01-01,0.047,20.83,rain,0.0,0.0
2022-01-02,0.24,37.5,rain,0.0,0.0
2022-01-03,0.0,0.0,snow,0.1,0.0
2022-01-04,0.0,0.0,,0.0,0.0
2022-01-05,0.129,25.0,rain,0.0,0.0
2022-01-06,0.0,0.0,"rain,snow",2.0,0.6
2022-01-07,0.433,37.5,"rain,snow",4.6,3.0
2022-01-08,0.0,0.0,,0.0,2.8
2022-01-09,0.012,8.33,rain,0.0,1.9
2022-01-10,0.0,0.0,,0.0,0.7
2022-01-11,0.0,0.0,,0.0,0.6
2022-01-12,0.0,0.0,,0.0,0.6
2022-01-13,0.0,0.0,,0.0,0.6
2022-01-14,0.0,0.0,,0.0,0.6
2022-01-15,0.0,0.0,,0.0,0.4
2022-01-16,0.0,0.0,,0.0,0.3
2022-01-17,0.772,37.5,rain,0.0,0.1
2022-01-18,0.0,0.0,,0.0,0.0
2022-01-19,0.0,0.0,,0.0,0.0
2022-01-20,0.155,29.17,rain,0.2,0.2
2022-01-21,0.0,0.0,,0.0,0.1
2022-01-22,0.0,0.0,,0.0,0.0
2022-01-23,0.0,0.0,,0.0,0.0
2022-01-24,0.011,4.17,"rain,snow",0.3,0.2
2022-01-25,0.059,12.5,"rain,snow",0.2,0.3
2022-01-26,0.0,0.0,,0.0,0.1
2022-01-27,0.0,0.0,,0.0,0.0
2022-01-28,0.0,0.0,"rain,snow",0.8,0.3
2022-01-29,0.442,83.33,"rain,snow",2.4,1.8
2022-01-30,0.0,0.0,snow,1.2,4.3
2022-01-31,0.0,0.0,,0.0,4.3
2022-02-01,0.0,0.0,,0.0,3.7
2022-02-02,0.0,0.0,,0.0,3.0
2022-02-03,0.113,29.17,rain,0.0,2.1
2022-02-04,1.704,100.0,"rain,snow",0.0,1.3
2022-02-05,0.137,12.5,snow,0.0,1.2
2022-02-06,0.0,0.0,,0.0,1.2
2022-02-07,0.279,37.5,"rain,snow",0.0,1.0
2022-02-08,0.629,37.5,rain,0.0,0.9
2022-02-09,0.0,0.0,,0.0,0.6
2022-02-10,0.0,0.0,,0.0,0.6
2022-02-11,0.0,0.0,,0.0,0.6
2022-02-12,0.0,0.0,rain,0.0,0.4
2022-02-13,0.227,66.67,"rain,snow",0.8,0.9
2022-02-14,0.024,12.5,snow,0.5,1.8
2022-02-15,0.0,0.0,,0.0,1.9
2022-02-16,0.0,0.0,,0.0,1.7
2022-02-17,0.0,0.0,,0.0,0.8
2022-02-18,0.371,41.67,rain,0.0,0.1
2022-02-19,0.0,0.0,,0.0,0.0
2022-02-20,0.0,0.0,,0.0,0.0
2022-02-21,0.0,0.0,,0.0,0.0
2022-02-22,0.348,33.33,rain,0.0,0.0
2022-02-23,0.021,4.17,rain,0.0,0.0
2022-02-24,0.0,0.0,"rain,snow",0.6,0.2
2022-02-25,0.664,62.5,"rain,snow",1.3,1.2
2022-02-26,0.0,0.0,snow,0.5,2.4
2022-02-27,0.0,0.0,,0.0,2.4
2022-02-28,0.0,0.0,,0.0,2.2
2022-03-01,0.064,8.33,rain,0.0,2.2
2022-03-02,0.032,12.5,rain,0.0,1.8
2022-03-03,0.163,16.67,rain,0.0,1.6
2022-03-04,0.0,0.0,,0.0,1.6
2022-03-05,0.0,0.0,,0.0,1.5
2022-03-06,0.012,4.17,rain,0.0,1.0
2022-03-07,0.234,20.83,rain,0.0,0.1
2022-03-08,0.068,4.17,rain,0.0,0.0
2022-03-09,0.249,29.17,"rain,snow",0.4,0.1
2022-03-10,0.0,0.0,"rain,snow",0.3,0.5
2022-03-11,0.0,0.0,,0.0,0.4
2022-03-12,0.388,41.67,"rain,snow",0.0,0.4
2022-03-13,0.0,0.0,,0.0,0.4
2022-03-14,0.0,0.0,,0.0,0.0
2022-03-15,0.0,0.0,,0.0,0.0
2022-03-16,0.02,4.17,rain,0.0,0.0
2022-03-17,0.04,20.83,rain,0.0,0.0
2022-03-18,0.0,0.0,,0.0,0.0
2022-03-19,0.14,25.0,rain,0.0,0.0
2022-03-20,0.065,8.33,rain,0.0,0.0
2022-03-21,0.0,0.0,,0.0,0.0
2022-03-22,0.0,0.0,,0.0,0.0
2022-03-23,0.0,0.0,,0.0,0.0
2022-03-24,0.541,75.0,rain,0.0,0.0
2022-03-25,0.465,25.0,rain,0.0,0.0
2022-03-26,0.306,20.83,rain,0.0,0.0
2022-03-27,0.0,0.0,,0.0,0.0
2022-03-28,0.011,4.17,snow,0.0,0.0
2022-03-29,0.0,0.0,,0.0,0.0
2022-03-30,0.0,0.0,,0.0,0.0
2022-03-31,0.011,4.17,rain,0.0,0.0
2022-04-01,0.558,33.33,rain,0.0,0.0
2022-04-02,0.0,0.0,,0.0,0.0
2022-04-03,0.002,8.33,rain,0.0,0.0
2022-04-04,0.011,4.17,rain,0.0,0.0
2022-04-05,0.0,0.0,,0.0,0.0
2022-04-06,0.12,37.5,rain,0.0,0.0
2022-04-07,0.001,4.17,rain,0.0,0.0
2022-04-08,0.18,37.5,rain,0.0,0.0
2022-04-09,0.103,16.67,rain,0.0,0.0
2022-04-10,0.0,0.0,,0.0,0.0
2022-04-11,0.0,0.0,,0.0,0.0
2022-04-12,0.034,8.33,rain,0.0,0.0
2022-04-13,0.0,0.0,,0.0,0.0
2022-04-14,0.166,8.33,rain,0.0,0.0
2022-04-15,0.056,8.33,rain,0.0,0.0
2022-04-16,0.139,12.5,rain,0.0,0.0
2022-04-17,0.237,12.5,rain,0.0,0.0
2022-04-18,0.0,0.0,,0.0,0.0
2022-04-19,0.544,25.0,rain,0.0,0.0
2022-04-20,0.0,0.0,,0.0,0.0
2022-04-21,0.0,0.0,,0.0,0.0
2022-04-22,0.0,0.0,,0.0,0.0
2022-04-23,0.0,0.0,,0.0,0.0
2022-04-24,0.0,0.0,,0.0,0.0
2022-04-25,0.0,0.0,,0.0,0.0
2022-04-26,0.114,25.0,rain,0.0,0.0
2022-04-27,0.199,16.67,rain,0.0,0.0
2022-04-28,0.0,0.0,,0.0,0.0
2022-04-29,0.0,0.0,,0.0,0.0
2022-04-30,0.0,0.0,,0.0,0.0
2022-05-01,0.0,0.0,,0.0,0.0
2022-05-02,0.138,25.0,rain,0.0,0.0
2022-05-03,0.133,25.0,rain,0.0,0.0
2022-05-04,0.106,29.17,rain,0.0,0.0
2022-05-05,0.0,0.0,,0.0,0.0
2022-05-06,0.0,0.0,,0.0,0.0
2022-05-07,0.0,0.0,,0.0,0.0
2022-05-08,0.0,0.0,,0.0,0.0
2022-05-09,0.0,0.0,,0.0,0.0
2022-05-10,0.0,0.0,,0.0,0.0
2022-05-11,0.0,0.0,,0.0,0.0
2022-05-12,0.0,0.0,,0.0,0.0
2022-05-13,0.0,0.0,,0.0,0.0
2022-05-14,0.0,0.0,,0.0,0.0
2022-05-15,0.012,8.33,rain,0.0,0.0
2022-05-16,0.086,8.33,rain,0.0,0.0
2022-05-17,0.011,4.17,rain,0.0,0.0
2022-05-18,0.0,0.0,,0.0,0.0
2022-05-19,0.012,8.33,rain,0.0,0.0
2022-05-20,0.0,0.0,,0.0,0.0
2022-05-21,0.03,16.67,rain,0.0,0.0
2022-05-22,0.082,4.17,rain,0.0,0.0
2022-05-23,0.0,0.0,,0.0,0.0
2022-05-24,0.0,0.0,,0.0,0.0
2022-05-25,0.0,0.0,,0.0,0.0
2022-05-26,0.0,0.0,,0.0,0.0
2022-05-27,0.0,0.0,,0.0,0.0
2022-05-28,0.696,25.0,rain,0.0,0.0
2022-05-29,0.0,0.0,,0.0,0.0
2022-05-30,0.0,0.0,,0.0,0.0
2022-05-31,0.032,8.33,rain,0.0,0.0
2022-06-01,0.088,20.83,rain,0.0,0.0
2022-06-02,0.092,8.33,rain,0.0,0.0
2022-06-03,0.028,12.5,rain,0.0,0.0
2022-06-04,0.0,0.0,,0.0,0.0
2022-06-05,0.0,0.0,,0.0,0.0
2022-06-06,0.0,0.0,,0.0,0.0
2022-06-07,0.0,0.0,,0.0,0.0
2022-06-08,0.253,33.33,rain,0.0,0.0
2022-06-09,0.855,20.83,rain,0.0,0.0
2022-06-10,0.0,0.0,,0.0,0.0
2022-06-11,0.0,0.0,,0.0,0.0
2022-06-12,0.0,0.0,,0.0,0.0
2022-06-13,0.1,12.5,rain,0.0,0.0
2022-06-14,0.0,0.0,,0.0,0.0
2022-06-15,0.0,0.0,,0.0,0.0
2022-06-16,0.0,0.0,,0.0,0.0
2022-06-17,0.018,4.17,rain,0.0,0.0
2022-06-18,0.0,0.0,,0.0,0.0
2022-06-19,0.31,33.33,rain,0.0,0.0
2022-06-20,0.0,0.0,,0.0,0.0
2022-06-21,0.0,0.0,,0.0,0.0
2022-06-22,0.0,0.0,,0.0,0.0
2022-06-23,0.0,0.0,,0.0,0.0
2022-06-24,0.0,0.0,,0.0,0.0
2022-06-25,0.0,0.0,,0.0,0.0
2022-06-26,0.0,0.0,,0.0,0.0
2022-06-27,0.667,33.33,rain,0.0,0.0
2022-06-28,0.0,0.0,,0.0,0.0
2022-06-29,0.0,0.0,,0.0,0.0
2022-06-30,0.0,0.0,,0.0,0.0
2022-07-01,0.0,0.0,,0.0,0.0
2022-07-02,0.2,20.83,rain,0.0,0.0
2022-07-03,0.0,0.0,,0.0,0.0
2022-07-04,0.0,0.0,,0.0,0.0
2022-07-05,0.033,16.67,rain,0.0,0.0
2022-07-06,0.031,12.5,rain,0.0,0.0
2022-07-07,0.0,0.0,,0.0,0.0
2022-07-08,0.0,0.0,,0.0,0.0
2022-07-09,0.0,0.0,,0.0,0.0
2022-07-10,0.0,0.0,,0.0,0.0
2022-07-11,0.0,0.0,,0.0,0.0
2022-07-12,0.0,0.0,,0.0,0.0
2022-07-13,0.011,4.17,rain,0.0,0.0
2022-07-14,0.17,20.83,rain,0.0,0.0
2022-07-15,0.0,0.0,,0.0,0.0
2022-07-16,0.0,0.0,,0.0,0.0
2022-07-17,0.0,0.0,,0.0,0.0
2022-07-18,0.161,16.67,rain,0.0,0.0
2022-07-19,0.018,4.17,rain,0.0,0.0
2022-07-20,0.0,0.0,,0.0,0.0
2022-07-21,0.0,0.0,,0.0,0.0
2022-07-22,0.0,0.0,,0.0,0.0
2022-07-23,0.0,0.0,,0.0,0.0
2022-07-24,0.0,0.0,,0.0,0.0
2022-07-25,0.0,0.0,,0.0,0.0
2022-07-26,0.0,0.0,,0.0,0.0
2022-07-27,0.0,0.0,,0.0,0.0
2022-07-28,0.041,8.33,rain,0.0,0.0
2022-07-29,0.001,4.17,rain,0.0,0.0
2022-07-30,0.001,4.17,rain,0.0,0.0
2022-07-31,0.0,0.0,,0.0,0.0
2022-08-01,0.015,8.33,rain,0.0,0.0
2022-08-02,0.0,0.0,,0.0,0.0
2022-08-03,0.0,0.0,,0.0,0.0
2022-08-04,0.0,0.0,,0.0,0.0
2022-08-05,0.048,8.33,rain,0.0,0.0
2022-08-06,0.0,0.0,,0.0,0.0
2022-08-07,0.023,4.17,rain,0.0,0.0
2022-08-08,0.0,0.0,,0.0,0.0
2022-08-09,0.156,12.5,rain,0.0,0.0
2022-08-10,0.001,4.17,rain,0.0,0.0
2022-08-11,0.001,4.17,rain,0.0,0.0
2022-08-12,0.0,0.0,,0.0,0.0
2022-08-13,0.0,0.0,,0.0,0.0
2022-08-14,0.0,0.0,,0.0,0.0
2022-08-15,0.0,0.0,,0.0,0.0
2022-08-16,0.0,0.0,,0.0,0.0
2022-08-17,0.014,8.33,rain,0.0,0.0
2022-08-18,0.0,0.0,,0.0,0.0
2022-08-19,0.0,0.0,,0.0,0.0
2022-08-20,0.0,0.0,,0.0,0.0
2022-08-21,0.0,0.0,,0.0,0.0
2022-08-22,0.443,33.33,rain,0.0,0.0
2022-08-23,0.07,25.0,rain,0.0,0.0
2022-08-24,0.0,0.0,,0.0,0.0
2022-08-25,0.0,0.0,,0.0,0.0
2022-08-26,0.435,16.67,rain,0.0,0.0
2022-08-27,0.0,0.0,,0.0,0.0
2022-08-28,0.0,0.0,,0.0,0.0
2022-08-29,0.0,0.0,,0.0,0.0
2022-08-30,0.0,0.0,,0.0,0.0
2022-08-31,0.339,16.67,rain,0.0,0.0
2022-09-01,0.0,0.0,,0.0,0.0
2022-09-02,0.0,0.0,,0.0,0.0
2022-09-03,0.0,0.0,,0.0,0.0
2022-09-04,0.0,0.0,,0.0,0.0
2022-09-05,0.407,45.83,rain,0.0,0.0
2022-09-06,0.731,100.0,rain,0.0,0.0
2022-09-07,0.0,0.0,,0.0,0.0
2022-09-08,0.0,0.0,,0.0,0.0
2022-09-09,0.0,0.0,,0.0,0.0
2022-09-10,0.0,0.0,,0.0,0.0
2022-09-11,0.001,4.17,rain,0.0,0.0
2022-09-12,0.005,16.67,rain,0.0,0.0
2022-09-13,0.168,20.83,rain,0.0,0.0
2022-09-14,0.0,0.0,,0.0,0.0
2022-09-15,0.0,0.0,,0.0,0.0
2022-09-16,0.0,0.0,,0.0,0.0
2022-09-17,0.0,0.0,,0.0,0.0
2022-09-18,0.002,8.33,rain,0.0,0.0
2022-09-19,0.378,16.67,rain,0.0,0.0
2022-09-20,0.011,4.17,rain,0.0,0.0
2022-09-21,0.005,12.5,rain,0.0,0.0
2022-09-22,0.762,33.33,rain,0.0,0.0
2022-09-23,0.0,0.0,,0.0,0.0
2022-09-24,0.0,0.0,,0.0,0.0
2022-09-25,0.0,0.0,,0.0,0.0
2022-09-26,0.262,20.83,rain,0.0,0.0
2022-09-27,0.0,0.0,,0.0,0.0
2022-09-28,0.0,0.0,,0.0,0.0
2022-09-29,0.0,0.0,,0.0,0.0
2022-09-30,0.0,0.0,,0.0,0.0
2022-10-01,0.024,12.5,rain,0.0,0.0
2022-10-02,0.0,0.0,,0.0,0.0
2022-10-03,0.0,0.0,,0.0,0.0
2022-10-04,0.241,25.0,rain,0.0,0.0
2022-10-05,0.735,66.67,rain,0.0,0.0
2022-10-06,0.128,16.67,rain,0.0,0.0
2022-10-07,0.0,0.0,,0.0,0.0
2022-10-08,0.013,4.17,rain,0.0,0.0
2022-10-09,0.0,0.0,,0.0,0.0
2022-10-10,0.029,8.33,rain,0.0,0.0
2022-10-11,0.0,0.0,,0.0,0.0
2022-10-12,0.0,0.0,,0.0,0.0
2022-10-13,0.884,33.33,rain,0.0,0.0
2022-10-14,1.322,54.17,rain,0.0,0.0
2022-10-15,0.0,0.0,,0.0,0.0
2022-10-16,0.0,0.0,,0.0,0.0
2022-10-17,0.248,25.0,rain,0.0,0.0
2022-10-18,0.185,25.0,rain,0.0,0.0
2022-10-19,0.0,0.0,,0.0,0.0
2022-10-20,0.0,0.0,,0.0,0.0
2022-10-21,0.0,0.0,,0.0,0.0
2022-10-22,0.0,0.0,,0.0,0.0
2022-10-23,0.076,20.83,rain,0.0,0.0
2022-10-24,0.106,25.0,rain,0.0,0.0
2022-10-25,0.057,20.83,rain,0.0,0.0
2022-10-26,0.379,25.0,rain,0.0,0.0
2022-10-27,0.0,0.0,,0.0,0.0
2022-10-28,0.0,0.0,,0.0,0.0
2022-10-29,0.0,0.0,,0.0,0.0
2022-10-30,0.0,0.0,,0.0,0.0
2022-10-31,0.0,0.0,,0.0,0.0
2022-11-01,0.043,8.33,rain,0.0,0.0
2022-11-02,0.0,0.0,,0.0,0.0
2022-11-03,0.0,0.0,,0.0,0.0
2022-11-04,0.0,0.0,,0.0,0.0
2022-11-05,0.0,0.0,,0.0,0.0
2022-11-06,0.0,0.0,,0.0,0.0
2022-11-07,0.001,4.17,rain,0.0,0.0
2022-11-08,0.0,0.0,,0.0,0.0
2022-11-09,0.0,0.0,,0.0,0.0
2022-11-10,0.0,0.0,,0.0,0.0
2022-11-11,0.349,16.67,rain,0.0,0.0
2022-11-12,0.144,33.33,rain,0.0,0.0
2022-11-13,0.113,25.0,rain,0.0,0.0
2022-11-14,0.0,0.0,,0.0,0.0
2022-11-15,0.0,0.0,,0.0,0.0
2022-11-16,0.774,58.33,rain,0.0,0.0
2022-11-17,0.0,0.0,,0.0,0.0
2022-11-18,0.0,0.0,,0.0,0.0
2022-11-19,0.0,0.0,,0.0,0.0
2022-11-20,0.0,0.0,,0.0,0.0
2022-11-21,0.0,0.0,,0.0,0.0
2022-11-22,0.0,0.0,,0.0,0.0
2022-11-23,0.0,0.0,,0.0,0.0
2022-11-24,0.0,0.0,,0.0,0.0
2022-11-25,0.012,4.17,rain,0.0,0.0
2022-11-26,0.0,0.0,,0.0,0.0
2022-11-27,0.538,33.33,rain,0.0,0.0
2022-11-28,0.11,4.17,rain,0.0,0.0
2022-11-29,0.0,0.0,,0.0,0.0
2022-11-30,0.695,33.33,rain,0.0,0.0
2022-12-01,0.0,0.0,,0.0,0.0
2022-12-02,0.0,0.0,,0.0,0.0
2022-12-03,0.171,33.33,rain,0.0,0.0
2022-12-04,0.0,0.0,,0.0,0.0
2022-12-05,0.0,0.0,,0.0,0.0
2022-12-06,0.093,16.67,rain,0.0,0.0
2022-12-07,0.838,70.83,rain,0.0,0.0
2022-12-08,0.0,0.0,,0.0,0.0
2022-12-09,0.0,0.0,,0.0,0.0
2022-12-10,0.0,0.0,,0.0,0.0
2022-12-11,0.044,20.83,"rain,snow",0.3,0.1
2022-12-12,0.0,0.0,snow,0.2,0.3
2022-12-13,0.0,0.0,"rain,snow",0.2,0.1
2022-12-14,0.0,0.0,"rain,snow",0.2,0.3
2022-12-15,0.028,29.17,rain,0.0,0.0
2022-12-16,1.213,100.0,rain,0.0,0.0
2022-12-17,0.189,41.67,"rain,snow",0.0,0.0
2022-12-18,0.0,0.0,,0.0,0.0
2022-12-19,0.0,0.0,,0.0,0.0
2022-12-20,0.0,0.0,,0.0,0.0
2022-12-21,0.0,0.0,,0.0,0.0
2022-12-22,0.113,20.83,rain,0.0,0.0
2022-12-23,0.805,75.0,rain,0.0,0.0
2022-12-24,0.0,0.0,,0.0,0.1
2022-12-25,0.0,0.0,,0.0,0.0
2022-12-26,0.0,0.0,,0.0,0.0
2022-12-27,0.0,0.0,,0.0,0.0
2022-12-28,0.0,0.0,,0.0,0.0
2022-12-29,0.0,0.0,,0.0,0.0
2022-12-30,0.0,0.0,,0.0,0.0
2022-12-31,0.315,45.83,rain,0.0,0.0
2023-01-01,0.115,16.67,rain,0.0,0.0
2023-01-02,0.0,0.0,,0.0,0.0
2023-01-03,0.479,62.5,rain,0.0,0.0
2023-01-04,0.292,41.67,rain,0.0,0.0
2023-01-05,0.152,54.17,rain,0.0,0.0
2023-01-06,0.2,50.0,"rain,snow",0.0,0.0
2023-01-07,0.0,0.0,,0.0,0.0
2023-01-08,0.0,0.0,,0.0,0.0
2023-01-09,0.0,0.0,,0.0,0.0
2023-01-10,0.0,0.0,,0.0,0.0
2023-01-11,0.0,0.0,,0.0,0.0
2023-01-12,0.174,33.33,"rain,snow",0.0,0.1
2023-01-13,0.495,41.67,rain,0.0,0.0
2023-01-14,0.069,37.5,"rain,snow",0.0,0.0
2023-01-15,0.023,8.33,"rain,snow",0.4,0.1
2023-01-16,0.108,37.5,"rain,snow",0.3,0.4
2023-01-17,0.012,8.33,"rain,snow",0.1,0.5
2023-01-18,0.033,12.5,rain,0.0,0.3
2023-01-19,0.424,37.5,rain,0.0,0.1
2023-01-20,0.669,70.83,"rain,snow",0.9,0.7
2023-01-21,0.0,0.0,"rain,snow",0.2,0.4
2023-01-22,0.205,29.17,"rain,snow",0.0,0.3
2023-01-23,0.927,83.33,"rain,snow",0.8,0.4
2023-01-24,0.0,0.0,"rain,snow",0.4,0.9
2023-01-25,0.213,20.83,"rain,snow",0.1,0.5
2023-01-26,0.855,37.5,rain,0.0,0.5
2023-01-27,0.0,0.0,,0.0,0.2
2023-01-28,0.0,0.0,,0.0,0.0
2023-01-29,0.0,0.0,,0.0,0.0
2023-01-30,0.0,0.0,rain,0.1,0.1
2023-01-31,0.048,20.83,"rain,snow",0.2,0.3
2023-02-01,0.0,0.0,,0.0,0.1
2023-02-02,0.0,0.0,,0.0,0.0
2023-02-03,0.0,0.0,,0.0,0.0
2023-02-04,0.0,0.0,,0.0,0.0
2023-02-05,0.0,0.0,,0.0,0.0
2023-02-06,0.0,0.0,,0.0,0.0
2023-02-07,0.025,8.33,"rain,snow",0.0,0.0
2023-02-08,0.0,0.0,,0.0,0.0
2023-02-09,0.0,0.0,,0.0,0.0
2023-02-10,0.0,0.0,,0.0,0.0
2023-02-11,0.0,0.0,,0.0,0.0
2023-02-12,0.0,0.0,,0.0,0.0
2023-02-13,0.0,0.0,,0.0,0.0
2023-02-14,0.0,0.0,,0.0,0.0
2023-02-15,0.0,0.0,,0.0,0.0
2023-02-16,0.011,4.17,rain,0.0,0.0
2023-02-17,0.078,20.83,rain,0.0,0.0
2023-02-18,0.0,0.0,,0.0,0.1
2023-02-19,0.0,0.0,,0.0,0.0
2023-02-20,0.0,0.0,,0.0,0.0
2023-02-21,0.172,41.67,"rain,snow",0.7,0.5
2023-02-22,0.161,12.5,"rain,snow",0.1,0.1
2023-02-23,0.534,87.5,"rain,snow",0.5,0.3
2023-02-24,0.083,12.5,"rain,snow",0.0,0.4
2023-02-25,0.012,8.33,snow,0.2,0.4
2023-02-26,0.0,0.0,snow,0.1,0.6
2023-02-27,0.0,0.0,"rain,snow",0.3,0.7
2023-02-28,0.286,79.17,"rain,snow",1.8,0.9
2023-03-01,0.0,0.0,,0.0,0.6
2023-03-02,0.552,25.0,rain,0.0,0.5
2023-03-03,0.0,0.0,rain,0.1,0.1
2023-03-04,0.372,58.33,"rain,snow",3.1,0.3
2023-03-05,0.0,0.0,,0.0,0.3
2023-03-06,0.0,0.0,,0.0,0.7
2023-03-07,0.0,0.0,,0.0,0.6
2023-03-08,0.0,0.0,,0.0,0.2
2023-03-09,0.0,0.0,,0.0,0.1
2023-03-10,0.0,0.0,,0.0,0.0
2023-03-11,0.068,29.17,"rain,snow",0.0,0.0
2023-03-12,0.0,0.0,,0.0,0.0
2023-03-13,0.204,25.0,rain,0.0,0.0
2023-03-14,2.443,100.0,"rain,snow",0.3,0.1
2023-03-15,0.045,12.5,"rain,snow",0.2,0.3
2023-03-16,0.0,0.0,,0.0,0.0
2023-03-17,0.0,0.0,,0.0,0.0
2023-03-18,0.001,4.17,rain,0.0,0.1
2023-03-19,0.0,0.0,,0.0,0.0
2023-03-20,0.0,0.0,,0.0,0.0
2023-03-21,0.0,0.0,,0.0,0.0
2023-03-22,0.0,0.0,,0.0,0.0
2023-03-23,0.001,4.17,rain,0.0,0.0
2023-03-24,0.0,0.0,,0.0,0.0
2023-03-25,0.052,29.17,rain,0.0,0.0
2023-03-26,0.03,8.33,rain,0.0,0.0
2023-03-27,0.167,12.5,rain,0.0,0.0
2023-03-28,0.4,54.17,rain,0.0,0.0
2023-03-29,0.0,0.0,,0.0,0.0
2023-03-30,0.0,0.0,,0.0,0.0
2023-03-31,0.143,20.83,rain,0.0,0.0
2023-04-01,0.339,33.33,rain,0.0,0.0
2023-04-02,0.0,0.0,,0.0,0.0
2023-04-03,0.0,0.0,,0.0,0.0
2023-04-04,0.0,0.0,,0.0,0.0
2023-04-05,0.0,0.0,,0.0,0.0
2023-04-06,0.006,4.17,rain,0.0,0.0
2023-04-07,0.0,0.0,,0.0,0.0
2023-04-08,0.0,0.0,,0.0,0.0
2023-04-09,0.0,0.0,,0.0,0.0
2023-04-10,0.0,0.0,,0.0,0.0
2023-04-11,0.0,0.0,,0.0,0.0
2023-04-12,0.0,0.0,,0.0,0.0
2023-04-13,0.0,0.0,,0.0,0.0
2023-04-14,0.0,0.0,,0.0,0.0
2023-04-15,0.0,0.0,,0.0,0.0
2023-04-16,0.0,0.0,,0.0,0.0
2023-04-17,0.081,25.0,rain,0.0,0.0
2023-04-18,0.0,0.0,,0.0,0.0
2023-04-19,0.0,0.0,,0.0,0.0
2023-04-20,0.0,0.0,,0.0,0.0
2023-04-21,0.0,0.0,,0.0,0.0
2023-04-22,0.0,0.0,,0.0,0.0
2023-04-23,0.733,70.83,rain,0.0,0.0
2023-04-24,0.018,4.17,rain,0.0,0.0
2023-04-25,0.001,4.17,rain,0.0,0.0
2023-04-26,0.003,8.33,rain,0.0,0.0
2023-04-27,0.043,16.67,rain,0.0,0.0
2023-04-28,0.0,0.0,,0.0,0.0
2023-04-29,0.012,8.33,rain,0.0,0.0
2023-04-30,1.463,83.33,rain,0.0,0.0
2023-05-01,0.385,20.83,rain,0.0,0.0
2023-05-02,0.168,33.33,rain,0.0,0.0
2023-05-03,0.033,8.33,rain,0.0,0.0
2023-05-04,0.014,12.5,rain,0.0,0.0
2023-05-05,0.02,12.5,rain,0.0,0.0
2023-05-06,0.0,0.0,,0.0,0.0
2023-05-07,0.0,0.0,,0.0,0.0
2023-05-08,0.015,16.67,rain,0.0,0.0
2023-05-09,0.0,0.0,,0.0,0.0
2023-05-10,0.0,0.0,,0.0,0.0
2023-05-11,0.0,0.0,,0.0,0.0
2023-05-12,0.001,4.17,rain,0.0,0.0
2023-05-13,0.0,0.0,,0.0,0.0
2023-05-14,0.0,0.0,,0.0,0.0
2023-05-15,0.0,0.0,,0.0,0.0
2023-05-16,0.0,0.0,,0.0,0.0
2023-05-17,0.0,0.0,,0.0,0.0
2023-05-18,0.0,0.0,,0.0,0.0
2023-05-19,0.0,0.0,,0.0,0.0
2023-05-20,0.739,45.83,rain,0.0,0.0
2023-05-21,1.106,16.67,rain,0.0,0.0
2023-05-22,0.0,0.0,,0.0,0.0
2023-05-23,0.0,0.0,,0.0,0.0
2023-05-24,0.031,8.33,rain,0.0,0.0
2023-05-25,0.0,0.0,,0.0,0.0
2023-05-26,0.0,0.0,,0.0,0.0
2023-05-27,0.0,0.0,,0.0,0.0
2023-05-28,0.0,0.0,,0.0,0.0
2023-05-29,0.0,0.0,,0.0,0.0
2023-05-30,0.0,0.0,,0.0,0.0
2023-05-31,0.0,0.0,,0.0,0.0
2023-06-01,0.0,0.0,,0.0,0.0
2023-06-02,0.356,16.67,rain,0.0,0.0
2023-06-03,0.099,33.33,rain,0.0,0.0
2023-06-04,0.098,33.33,rain,0.0,0.0
2023-06-05,0.085,33.33,rain,0.0,0.0
2023-06-06,0.0,0.0,,0.0,0.0
2023-06-07,0.0,0.0,,0.0,0.0
2023-06-08,0.011,4.17,rain,0.0,0.0
2023-06-09,0.05,20.83,rain,0.0,0.0
2023-06-10,0.339,20.83,rain,0.0,0.0
2023-06-11,0.0,0.0,,0.0,0.0
2023-06-12,0.026,8.33,rain,0.0,0.0
2023-06-13,0.006,8.33,rain,0.0,0.0
2023-06-14,0.12,12.5,rain,0.0,0.0
2023-06-15,0.0,0.0,,0.0,0.0
2023-06-16,0.0,0.0,,0.0,0.0
2023-06-17,0.831,50.0,rain,0.0,0.0
2023-06-18,0.14,16.67,rain,0.0,0.0
2023-06-19,0.0,0.0,,0.0,0.0
2023-06-20,0.0,0.0,,0.0,0.0
2023-06-21,0.0,0.0,,0.0,0.0
2023-06-22,0.0,0.0,,0.0,0.0
2023-06-23,0.0,0.0,,0.0,0.0
2023-06-24,0.057,25.0,rain,0.0,0.0
2023-06-25,0.018,4.17,rain,0.0,0.0
2023-06-26,0.0,0.0,,0.0,0.0
2023-06-27,0.563,29.17,rain,0.0,0.0
2023-06-28,0.549,29.17,rain,0.0,0.0
2023-06-29,0.001,4.17,rain,0.0,0.0
2023-06-30,0.0,0.0,,0.0,0.0
2023-07-01,0.0,0.0,,0.0,0.0
2023-07-02,0.305,25.0,rain,0.0,0.0
2023-07-03,0.654,20.83,rain,0.0,0.0
2023-07-04,0.521,58.33,rain,0.0,0.0
2023-07-05,0.0,0.0,,0.0,0.0
2023-07-06,0.0,0.0,,0.0,0.0
2023-07-07,0.0,0.0,,0.0,0.0
2023-07-08,0.0,0.0,,0.0,0.0
2023-07-09,0.011,4.17,rain,0.0,0.0
2023-07-10,0.729,41.67,rain,0.0,0.0
2023-07-11,0.0,0.0,,0.0,0.0
2023-07-12,0.0,0.0,,0.0,0.0
2023-07-13,0.0,0.0,,0.0,0.0
2023-07-14,0.149,25.0,rain,0.0,0.0
2023-07-15,0.0,0.0,,0.0,0.0
2023-07-16,1.7,66.67,rain,0.0,0.0
2023-07-17,0.0,0.0,,0.0,0.0
2023-07-18,0.0,0.0,,0.0,0.0
2023-07-19,0.0,0.0,,0.0,0.0
2023-07-20,0.0,0.0,,0.0,0.0
2023-07-21,1.385,12.5,rain,0.0,0.0
2023-07-22,0.039,4.17,rain,0.0,0.0
2023-07-23,0.0,0.0,,0.0,0.0
2023-07-24,0.0,0.0,,0.0,0.0
2023-07-25,0.668,25.0,rain,0.0,0.0
2023-07-26,0.0,0.0,,0.0,0.0
2023-07-27,0.237,12.5,rain,0.0,0.0
2023-07-28,0.0,0.0,,0.0,0.0
2023-07-29,1.974,33.33,rain,0.0,0.0
2023-07-30,0.0,0.0,,0.0,0.0
2023-07-31,0.002,4.17,rain,0.0,0.0
2023-08-01,0.0,0.0,,0.0,0.0
2023-08-02,0.0,0.0,,0.0,0.0
2023-08-03,0.0,0.0,,0.0,0.0
2023-08-04,0.0,0.0,,0.0,0.0
2023-08-05,0.0,0.0,,0.0,0.0
2023-08-06,0.0,0.0,,0.0,0.0
2023-08-07,0.017,16.67,rain,0.0,0.0
2023-08-08,1.221,29.17,rain,0.0,0.0
2023-08-09,0.0,0.0,,0.0,0.0
2023-08-10,0.031,12.5,rain,0.0,0.0
2023-08-11,0.053,8.33,rain,0.0,0.0
2023-08-12,0.0,0.0,,0.0,0.0
2023-08-13,0.09,12.5,rain,0.0,0.0
2023-08-14,0.0,0.0,,0.0,0.0
2023-08-15,0.633,29.17,rain,0.0,0.0
2023-08-16,0.0,0.0,,0.0,0.0
2023-08-17,0.0,0.0,,0.0,0.0
2023-08-18,1.056,25.0,rain,0.0,0.0
2023-08-19,0.0,0.0,,0.0,0.0
2023-08-20,0.0,0.0,,0.0,0.0
2023-08-21,0.342,12.5,rain,0.0,0.0
2023-08-22,0.0,0.0,,0.0,0.0
2023-08-23,0.0,0.0,,0.0,0.0
2023-08-24,0.0,0.0,,0.0,0.0
2023-08-25,1.778,62.5,rain,0.0,0.0
2023-08-26,0.0,0.0,,0.0,0.0
2023-08-27,0.0,0.0,,0.0,0.0
2023-08-28,0.0,0.0,,0.0,0.0
2023-08-29,0.053,4.17,rain,0.0,0.0
2023-08-30,0.74,45.83,rain,0.0,0.0
2023-08-31,0.0,0.0,,0.0,0.0
2023-09-01,0.0,0.0,,0.0,0.0
2023-09-02,0.0,0.0,,0.0,0.0
2023-09-03,0.011,4.17,rain,0.0,0.0
2023-09-04,0.0,0.0,,0.0,0.0
2023-09-05,0.0,0.0,,0.0,0.0
2023-09-06,0.0,0.0,,0.0,0.0
2023-09-07,0.0,0.0,,0.0,0.0
2023-09-08,0.0,0.0,,0.0,0.0
2023-09-09,0.159,16.67,rain,0.0,0.0
2023-09-10,0.211,25.0,rain,0.0,0.0
2023-09-11,0.325,33.33,rain,0.0,0.0
2023-09-12,0.173,25.0,rain,0.0,0.0
2023-09-13,0.575,33.33,rain,0.0,0.0
2023-09-14,0.052,4.17,rain,0.0,0.0
2023-09-15,0.0,0.0,,0.0,0.0
2023-09-16,0.081,25.0,rain,0.0,0.0
2023-09-17,0.0,0.0,,0.0,0.0
2023-09-18,1.466,75.0,rain,0.0,0.0
2023-09-19,0.048,8.33,rain,0.0,0.0
2023-09-20,0.0,0.0,,0.0,0.0
2023-09-21,0.0,0.0,,0.0,0.0
2023-09-22,0.0,0.0,,0.0,0.0
2023-09-23,0.101,37.5,rain,0.0,0.0
2023-09-24,0.393,62.5,rain,0.0,0.0
2023-09-25,0.075,37.5,rain,0.0,0.0
2023-09-26,0.001,4.17,rain,0.0,0.0
2023-09-27,0.0,0.0,,0.0,0.0
2023-09-28,0.0,0.0,,0.0,0.0
2023-09-29,0.297,45.83,rain,0.0,0.0
2023-09-30,0.033,25.0,rain,0.0,0.0
2023-10-01,0.0,0.0,,0.0,0.0
2023-10-02,0.0,0.0,,0.0,0.0
2023-10-03,0.0,0.0,,0.0,0.0
2023-10-04,0.0,0.0,,0.0,0.0
2023-10-05,0.0,0.0,,0.0,0.0
2023-10-06,0.0,0.0,,0.0,0.0
2023-10-07,0.089,4.17,rain,0.0,0.0
2023-10-08,0.031,8.33,rain,0.0,0.0
2023-10-09,0.0,0.0,,0.0,0.0
2023-10-10,0.0,0.0,,0.0,0.0
2023-10-11,0.0,0.0,,0.0,0.0
2023-10-12,0.0,0.0,,0.0,0.0
2023-10-13,0.0,0.0,,0.0,0.0
2023-10-14,0.0,0.0,,0.0,0.0
2023-10-15,0.0,0.0,,0.0,0.0
2023-10-16,0.059,12.5,rain,0.0,0.0
2023-10-17,0.0,0.0,,0.0,0.0
2023-10-18,0.0,0.0,,0.0,0.0
2023-10-19,0.0,0.0,,0.0,0.0
2023-10-20,0.048,8.33,rain,0.0,0.0
2023-10-21,0.607,45.83,rain,0.0,0.0
2023-10-22,0.0,0.0,,0.0,0.0
2023-10-23,0.0,0.0,,0.0,0.0
2023-10-24,0.0,0.0,,0.0,0.0
2023-10-25,0.0,0.0,,0.0,0.0
2023-10-26,0.0,0.0,,0.0,0.0
2023-10-27,0.0,0.0,,0.0,0.0
2023-10-28,0.0,0.0,,0.0,0.0
2023-10-29,0.188,37.5,rain,0.0,0.0
2023-10-30,0.501,87.5,rain,0.0,0.0
2023-10-31,0.0,0.0,,0.0,0.0
2023-11-01,0.0,0.0,,0.0,0.0
2023-11-02,0.0,0.0,,0.0,0.0
2023-11-03,0.0,0.0,,0.0,0.0
2023-11-04,0.0,0.0,,0.0,0.0
2023-11-05,0.0,0.0,,0.0,0.0
2023-11-06,0.0,0.0,,0.0,0.0
2023-11-07,0.103,25.0,rain,0.0,0.0
2023-11-08,0.0,0.0,,0.0,0.0
2023-11-09,0.109,25.0,rain,0.0,0.0
2023-11-10,0.0,0.0,,0.0,0.0
2023-11-11,0.0,0.0,,0.0,0.0
2023-11-12,0.0,0.0,,0.0,0.0
2023-11-13,0.0,0.0,,0.0,0.0
2023-11-14,0.0,0.0,,0.0,0.0
2023-11-15,0.0,0.0,,0.0,0.0
2023-11-16,0.0,0.0,,0.0,0.0
2023-11-17,0.0,0.0,,0.0,0.0
2023-11-18,0.091,12.5,rain,0.0,0.0
2023-11-19,0.0,0.0,,0.0,0.0
2023-11-20,0.0,0.0,,0.0,0.0
2023-11-21,0.0,0.0,,0.0,0.0
2023-11-22,1.192,66.67,rain,0.0,0.0
2023-11-23,0.0,0.0,,0.0,0.0
2023-11-24,0.0,0.0,,0.0,0.0
2023-11-25,0.0,0.0,,0.0,0.0
2023-11-26,0.012,4.17,rain,0.0,0.0
2023-11-27,0.437,25.0,rain,0.0,0.0
2023-11-28,0.0,0.0,,0.0,0.0
2023-11-29,0.0,0.0,,0.0,0.0
2023-11-30,0.0,0.0,,0.0,0.0
2023-12-01,0.061,16.67,rain,0.0,0.0
2023-12-02,0.001,4.17,rain,0.0,0.0
2023-12-03,0.695,66.67,rain,0.0,0.0
2023-12-04,0.134,25.0,rain,0.0,0.0
2023-12-05,0.0,0.0,,0.0,0.0
2023-12-06,0.0,0.0,"rain,snow",1.0,0.0
2023-12-07,0.0,0.0,,0.0,0.0
2023-12-08,0.0,0.0,,0.0,0.0
2023-12-09,0.0,0.0,,0.0,0.0
2023-12-10,0.345,33.33,rain,0.0,0.0
2023-12-11,1.893,45.83,rain,0.0,0.0
2023-12-12,0.0,0.0,,0.0,0.0
2023-12-13,0.0,0.0,,0.0,0.0
2023-12-14,0.0,0.0,,0.0,0.0
2023-12-15,0.0,0.0,,0.0,0.0
2023-12-16,0.0,0.0,,0.0,0.0
2023-12-17,0.373,20.83,rain,0.0,0.0
2023-12-18,1.535,79.17,rain,0.0,0.0
2023-12-19,0.133,4.17,rain,0.0,0.0
2023-12-20,0.0,0.0,,0.0,0.0
2023-12-21,0.0,0.0,,0.0,0.0
2023-12-22,0.0,0.0,,0.0,0.0
2023-12-23,0.0,0.0,,0.0,0.0
2023-12-24,0.014,12.5,rain,0.0,0.0
2023-12-25,0.0,0.0,,0.0,0.0
2023-12-26,0.0,0.0,,0.0,0.0
2023-12-27,0.02,12.5,rain,0.0,0.0
2023-12-28,0.693,91.67,rain,0.0,0.0
2023-12-29,0.026,16.67,rain,0.0,0.0
2023-12-30,0.099,33.33,rain,0.0,0.0
2023-12-31,0.0,0.0,,0.0,0.0
2024-01-01,0.0,0.0,,0.0,0.0
2024-01-02,0.0,0.0,,0.0,0.0
2024-01-03,0.0,0.0,,0.0,0.0
2024-01-04,0.0,0.0,,0.0,0.0
2024-01-05,0.0,0.0,,0.0,0.0
2024-01-06,0.047,12.5,"rain,snow",0.3,0.1
2024-01-07,0.972,70.83,"rain,snow",0.6,0.5
2024-01-08,0.0,0.0,"rain,snow",0.3,1.0
2024-01-09,0.479,25.0,rain,0.0,0.8
2024-01-10,2.039,41.67,rain,0.0,0.1
2024-01-11,0.0,0.0,,0.0,0.0
2024-01-12,0.0,0.0,,0.0,0.0
2024-01-13,1.469,50.0,rain,0.0,0.0
2024-01-14,0.0,0.0,"rain,snow",0.2,0.0
2024-01-15,0.0,0.0,"rain,snow",0.3,0.1
2024-01-16,0.546,62.5,"rain,snow",0.3,0.4
2024-01-17,0.0,0.0,snow,0.1,0.6
2024-01-18,0.0,0.0,,0.0,0.6
2024-01-19,0.0,0.0,snow,0.1,0.6
2024-01-20,0.0,0.0,,0.0,0.6
2024-01-21,0.0,0.0,,0.0,0.6
2024-01-22,0.0,0.0,,0.0,0.6
2024-01-23,0.001,4.17,"rain,snow",0.3,0.7
2024-01-24,0.361,62.5,"rain,snow",0.3,0.8
2024-01-25,0.329,41.67,rain,0.0,0.1
2024-01-26,0.703,45.83,rain,0.0,0.0
2024-01-27,0.0,0.0,,0.0,0.0
2024-01-28,0.508,54.17,"rain,snow",0.9,0.1
2024-01-29,0.126,33.33,"rain,snow",1.4,0.1
2024-01-30,0.0,0.0,,0.0,0.5
2024-01-31,0.0,0.0,,0.0,0.2
2024-02-01,0.0,0.0,,0.0,0.0
2024-02-02,0.048,12.5,"rain,snow",0.0,0.0
2024-02-03,0.0,0.0,,0.0,0.0
2024-02-04,0.0,0.0,,0.0,0.0
2024-02-05,0.0,0.0,,0.0,0.0
2024-02-06,0.0,0.0,,0.0,0.0
2024-02-07,0.0,0.0,,0.0,0.0
2024-02-08,0.0,0.0,,0.0,0.0
2024-02-09,0.0,0.0,,0.0,0.0
2024-02-10,0.039,4.17,rain,0.0,0.0
2024-02-11,0.0,0.0,,0.0,0.0
2024-02-12,0.0,0.0,,0.0,0.0
2024-02-13,0.263,37.5,"rain,snow",1.6,0.8
2024-02-14,0.0,0.0,,0.0,0.2
2024-02-15,0.011,4.17,"rain,snow",0.3,0.0
2024-02-16,0.0,0.0,"rain,snow",1.0,0.1
2024-02-17,0.0,0.0,"rain,snow",0.0,0.1
2024-02-18,0.0,0.0,,0.0,0.0
2024-02-19,0.0,0.0,,0.0,0.0
2024-02-20,0.0,0.0,,0.0,0.0
2024-02-21,0.0,0.0,,0.0,0.0
2024-02-22,0.0,0.0,,0.0,0.0
2024-02-23,0.069,25.0,rain,0.0,0.0
2024-02-24,0.0,0.0,,0.0,0.0
2024-02-25,0.0,0.0,,0.0,0.0
2024-02-26,0.0,0.0,,0.0,0.0
2024-02-27,0.016,4.17,rain,0.0,0.0
2024-02-28,0.196,45.83,rain,0.0,0.0
2024-02-29,0.055,12.5,"rain,snow",0.0,0.0
2024-03-01,0.0,0.0,,0.0,0.0
2024-03-02,0.751,41.67,rain,0.0,0.0
2024-03-03,0.702,25.0,rain,0.0,0.0
2024-03-04,0.0,0.0,,0.0,0.0
2024-03-05,0.176,45.83,rain,0.0,0.0
2024-03-06,0.157,25.0,rain,0.0,0.0
2024-03-07,1.292,62.5,rain,0.0,0.0
2024-03-08,0.0,0.0,,0.0,0.0
2024-03-09,0.039,4.17,rain,0.0,0.0
2024-03-10,0.956,37.5,rain,0.0,0.0
2024-03-11,0.0,0.0,,0.0,0.0
2024-03-12,0.0,0.0,,0.0,0.0
2024-03-13,0.0,0.0,,0.0,0.0
2024-03-14,0.0,0.0,,0.0,0.0
2024-03-15,0.031,8.33,rain,0.0,0.0
2024-03-16,0.0,0.0,,0.0,0.0
2024-03-17,0.025,16.67,rain,0.0,0.0
2024-03-18,0.0,0.0,,0.0,0.0
2024-03-19,0.0,0.0,,0.0,0.0
2024-03-20,0.062,16.67,rain,0.0,0.0
2024-03-21,0.0,0.0,,0.0,0.0
2024-03-22,0.0,0.0,,0.0,0.0
2024-03-23,2.186,79.17,"rain,snow",0.2,0.0
2024-03-24,0.0,0.0,,0.0,0.0
2024-03-25,0.0,0.0,,0.0,0.0
2024-03-26,0.023,8.33,rain,0.0,0.0
2024-03-27,0.104,25.0,rain,0.0,0.0
2024-03-28,1.45,87.5,rain,0.0,0.0
2024-03-29,0.759,54.17,rain,0.0,0.0
2024-03-30,0.0,0.0,,0.0,0.0
2024-03-31,0.0,0.0,,0.0,0.0
2024-04-01,0.0,0.0,,0.0,0.0
2024-04-02,0.031,16.67,rain,0.0,0.0
2024-04-03,0.468,50.0,rain,0.1,0.0
2024-04-04,1.121,87.5,"rain,snow",1.5,0.6
2024-04-05,0.0,0.0,rain,0.0,0.1
2024-04-06,0.052,33.33,rain,0.0,0.0
2024-04-07,0.0,0.0,,0.0,0.0
2024-04-08,0.0,0.0,,0.0,0.0
2024-04-09,0.0,0.0,,0.0,0.0
2024-04-10,0.0,0.0,,0.0,0.0
2024-04-11,0.057,20.83,rain,0.0,0.0
2024-04-12,0.772,37.5,rain,0.0,0.0
2024-04-13,0.0,0.0,,0.0,0.0
2024-04-14,0.046,12.5,rain,0.0,0.0
2024-04-15,0.001,4.17,rain,0.0,0.0
2024-04-16,0.0,0.0,,0.0,0.0
2024-04-17,0.0,0.0,,0.0,0.0
2024-04-18,0.161,33.33,rain,0.0,0.0
2024-04-19,0.0,0.0,,0.0,0.0
2024-04-20,0.291,29.17,rain,0.0,0.0
2024-04-21,0.0,0.0,,0.0,0.0
2024-04-22,0.0,0.0,,0.0,0.0
2024-04-23,0.0,0.0,,0.0,0.0
2024-04-24,0.004,4.17,rain,0.0,0.0
2024-04-25,0.0,0.0,,0.0,0.0
2024-04-26,0.0,0.0,,0.0,0.0
2024-04-27,0.0,0.0,,0.0,0.0
2024-04-28,0.003,8.33,rain,0.0,0.0
2024-04-29,0.0,0.0,,0.0,0.0
2024-04-30,0.125,20.83,rain,0.0,0.0
2024-05-01,0.065,25.0,rain,0.0,0.0
2024-05-02,0.096,8.33,rain,0.0,0.0
2024-05-03,0.0,0.0,,0.0,0.0
2024-05-04,0.0,0.0,,0.0,0.0
2024-05-05,0.296,29.17,rain,0.0,0.0
2024-05-06,0.182,16.67,rain,0.0,0.0
2024-05-07,0.0,0.0,,0.0,0.0
2024-05-08,0.702,41.67,rain,0.0,0.0
2024-05-09,0.0,0.0,,0.0,0.0
2024-05-10,0.0,0.0,,0.0,0.0
2024-05-11,0.0,0.0,,0.0,0.0
2024-05-12,0.0,0.0,,0.0,0.0
2024-05-13,0.0,0.0,,0.0,0.0
2024-05-14,0.0,0.0,,0.0,0.0
2024-05-15,0.066,20.83,rain,0.0,0.0
2024-05-16,0.644,66.67,rain,0.0,0.0
2024-05-17,0.0,0.0,,0.0,0.0
2024-05-18,0.23,25.0,rain,0.0,0.0
2024-05-19,0.405,41.67,rain,0.0,0.0
2024-05-20,0.0,0.0,,0.0,0.0
2024-05-21,0.0,0.0,,0.0,0.0
2024-05-22,0.0,0.0,,0.0,0.0
2024-05-23,0.09,16.67,rain,0.0,0.0
2024-05-24,0.02,4.17,rain,0.0,0.0
2024-05-25,0.0,0.0,,0.0,0.0
2024-05-26,0.16,25.0,rain,0.0,0.0
2024-05-27,0.012,4.17,rain,0.0,0.0
2024-05-28,0.414,16.67,rain,0.0,0.0
